" H-3 HOUSEHOLDS BY TENURE STATUS, SIZE AND NUMBER OF ROOMS OCCUPIED",,,,,,,,,,
,,,,,,,,,,
,,,,,,,,,,Number of households occupying
,,,,,,,,,,
,House-hold size,Total number of households,No excl-usive room, 1 Room,2  Rooms,3  Rooms,4  Rooms,5  Rooms,6 Rooms         and above,Un-specified Room
,1,2,3,4,5,6,7,8,9,10
INDIA,,,,,,,,,,
TOTAL,,,,,,,,,,
Total ,,,,,,,,,,
,Total,"15,10,32,898","43,538","6,11,54,743","4,61,80,064","2,09,10,465","1,07,91,101","47,79,531","58,28,763","13,44,693"
,2-Jan,"1,82,38,052","6,245","1,06,87,910","48,18,884","14,66,431","5,77,407","2,07,399","2,62,013","2,11,763"
,5-Mar,"6,71,19,386","18,479","3,06,80,731","2,11,52,535","82,37,659","36,14,813","13,71,935","13,83,056","6,60,178"
,8-Jun,"4,60,45,797","12,324","1,59,31,026","1,50,99,231","74,14,044","38,36,599","16,30,478","17,63,881","3,58,214"
 ,      9+      ,"1,96,29,663","6,490","38,55,076","51,09,414","37,92,331","27,62,282","15,69,719","24,19,813","1,14,538"
Owned ,,,,,,,,,,
,Total,"13,04,03,246","28,807","5,08,47,946","3,99,80,895","1,85,04,410","99,32,093","45,18,140","54,28,118","11,62,837"
,2-Jan,"1,41,61,668","3,803","81,02,239","38,52,029","11,67,859","4,78,767","1,77,882","2,08,785","1,70,304"
,5-Mar,"5,61,16,811","12,111","2,53,03,078","1,77,63,482","68,88,494","31,49,368","12,32,697","12,10,184","5,57,397"
,8-Jun,"4,15,41,603","8,169","1,39,62,764","1,35,94,966","68,12,335","36,16,817","15,66,176","16,52,240","3,28,136"
 ,      9+      ,"1,85,83,164","4,724","34,79,865","47,70,418","36,35,722","26,87,141","15,41,385","23,56,909","1,07,000"
Rented , ,,,,,,,,,
,Total,"1,78,88,004","10,096","88,23,871","55,63,748","21,29,473","7,59,521","2,28,912","2,31,221","1,41,162"
,2-Jan,"34,57,648","1,856","21,92,975","8,44,778","2,52,909","82,129","23,841","28,053","31,107"
,5-Mar,"96,60,430","4,385","46,33,511","30,75,371","12,14,501","4,18,702","1,24,326","1,06,541","83,093"
,8-Jun,"38,81,631","2,761","16,75,673","13,42,368","5,27,672","1,93,679","56,543","61,319","21,616"
 ,      9+      ,"8,88,295","1,094","3,21,712","3,01,231","1,34,391","65,011","24,202","35,308","5,346"
Others ,,,,,,,,,,
,Total,"27,41,648","4,635","14,82,926","6,35,421","2,76,582","99,487","32,479","1,69,424","40,694"
,2-Jan,"6,18,736",586,"3,92,696","1,22,077","45,663","16,511","5,676","25,175","10,352"
,5-Mar,"13,42,145","1,983","7,44,142","3,13,682","1,34,664","46,743","14,912","66,331","19,688"
,8-Jun,"6,22,563","1,394","2,92,589","1,61,897","74,037","26,103","7,759","50,322","8,462"
 ANDHRA PRADESH                                              ,      9+      ,"1,58,204",672,"53,499","37,765","22,218","10,130","4,132","27,596","2,192"
RURAL,,,,,,,,,,
Total , ,,,,,,,,,
,Total,"11,15,39,448","26,960","4,55,34,665","3,41,87,149","1,50,58,274","77,20,272","35,40,678","43,15,669","11,55,781"
,2-Jan,"1,31,21,769","3,592","76,89,632","35,19,254","10,18,678","3,90,630","1,42,463","1,80,653","1,76,867"
,5-Mar,"4,83,18,700","11,008","2,27,43,993","1,52,72,652","55,14,741","23,62,309","9,14,728","9,39,235","5,60,034"
,8-Jun,"3,48,85,670","7,913","1,21,36,356","1,14,72,197","55,71,116","28,37,496","12,34,875","13,07,256","3,18,461"
 ,      9+      ,"1,52,13,309","4,447","29,64,684","39,23,046","29,53,739","21,29,837","12,48,612","18,88,525","1,00,419"
Owned ,,,,,,,,,,
,Total,"10,54,88,253","22,027","4,25,23,308","3,24,17,859","1,43,76,031","74,85,547","34,70,021","41,14,829","10,78,631"
,2-Jan,"1,16,52,372","2,668","68,01,641","31,56,988","9,01,298","3,51,793","1,30,338","1,51,026","1,56,620"
,5-Mar,"4,51,65,240","9,020","2,11,81,292","1,43,25,143","51,51,245","22,40,942","8,79,631","8,57,261","5,20,706"
,8-Jun,"3,36,95,798","6,482","1,16,47,964","1,10,84,674","54,06,417","27,79,719","12,18,484","12,48,272","3,03,786"
 ,      9+      ,"1,49,74,843","3,857","28,92,411","38,51,054","29,17,071","21,13,093","12,41,568","18,58,270","97,519"
Rented ,,,,,,,,,,
,Total,"44,14,569","2,704","21,31,100","13,99,371","5,19,386","1,80,277","53,190","83,343","45,198"
,2-Jan,"10,77,799",581,"6,46,109","2,83,010","87,024","28,273","8,380","12,427","11,995"
,5-Mar,"23,51,971","1,073","11,14,097","7,63,673","2,87,348","96,668","27,883","37,609","23,620"
,8-Jun,"8,34,889",775,"3,26,062","2,99,467","1,21,528","43,962","12,316","22,617","8,162"
 ,      9+      ,"1,49,910",275,"44,832","53,221","23,486","11,374","4,611","10,690","1,421"
Others ,,,,,,,,,,
,Total,"16,36,626","2,229","8,80,257","3,69,919","1,62,857","54,448","17,467","1,17,497","31,952"
,2-Jan,"3,91,598",343,"2,41,882","79,256","30,356","10,564","3,745","17,200","8,252"
,5-Mar,"8,01,489",915,"4,48,604","1,83,836","76,148","24,699","7,214","44,365","15,708"
,8-Jun,"3,54,983",656,"1,62,330","88,056","43,171","13,815","4,075","36,367","6,513"
 ANDHRA PRADESH                                              ,      9+      ,"88,556",315,"27,441","18,771","13,182","5,370","2,433","19,565","1,479"
URBAN,,,,,,,,,,
Total , ,,,,,,,,,
,Total,"3,94,93,450","16,578","1,56,20,078","1,19,92,915","58,52,191","30,70,829","12,38,853","15,13,094","1,88,912"
,2-Jan,"51,16,283","2,653","29,98,278","12,99,630","4,47,753","1,86,777","64,936","81,360","34,896"
,5-Mar,"1,88,00,686","7,471","79,36,738","58,79,883","27,22,918","12,52,504","4,57,207","4,43,821","1,00,144"
,8-Jun,"1,11,60,127","4,411","37,94,670","36,27,034","18,42,928","9,99,103","3,95,603","4,56,625","39,753"
 ,      9+      ,"44,16,354","2,043","8,90,392","11,86,368","8,38,592","6,32,445","3,21,107","5,31,288","14,119"
Owned ,,,,,,,,,,
,Total,"2,49,14,993","6,780","83,24,638","75,63,036","41,28,379","24,46,546","10,48,119","13,13,289","84,206"
,2-Jan,"25,09,296","1,135","13,00,598","6,95,041","2,66,561","1,26,974","47,544","57,759","13,684"
,5-Mar,"1,09,51,571","3,091","41,21,786","34,38,339","17,37,249","9,08,426","3,53,066","3,52,923","36,691"
,8-Jun,"78,45,805","1,687","23,14,800","25,10,292","14,05,918","8,37,098","3,47,692","4,03,968","24,350"
 ,      9+      ,"36,08,321",867,"5,87,454","9,19,364","7,18,651","5,74,048","2,99,817","4,98,639","9,481"
Rented ,,,,,,,,,,
,Total,"1,34,73,435","7,392","66,92,771","41,64,377","16,10,087","5,79,244","1,75,722","1,47,878","95,964"
,2-Jan,"23,79,849","1,275","15,46,866","5,61,768","1,65,885","53,856","15,461","15,626","19,112"
,5-Mar,"73,08,459","3,312","35,19,414","23,11,698","9,27,153","3,22,034","96,443","68,932","59,473"
,8-Jun,"30,46,742","1,986","13,49,611","10,42,901","4,06,144","1,49,717","44,227","38,702","13,454"
 ,      9+      ,"7,38,385",819,"2,76,880","2,48,010","1,10,905","53,637","19,591","24,618","3,925"
Others ,,,,,,,,,,
,Total,"11,05,022","2,406","6,02,669","2,65,502","1,13,725","45,039","15,012","51,927","8,742"
,2-Jan,"2,27,138",243,"1,50,814","42,821","15,307","5,947","1,931","7,975","2,100"
,5-Mar,"5,40,656","1,068","2,95,538","1,29,846","58,516","22,044","7,698","21,966","3,980"
,8-Jun,"2,67,580",738,"1,30,259","73,841","30,866","12,288","3,684","13,955","1,949"
,      9+      ,"69,648",357,"26,058","18,994","9,036","4,760","1,699","8,031",713
 ANDHRA PRADESH,,,,,,,,,,
TOTAL,,,,,,,,,,
Total ,,,,,,,,,,
,Total,"1,37,08,670","1,335","68,38,570","42,44,765","13,89,790","6,59,445","1,98,815","2,52,745","1,23,205"
,2-Jan,"20,03,520",350,"12,64,400","5,17,625","1,21,885","46,700","12,255","16,925","23,380"
,5-Mar,"73,33,345",770,"37,78,725","22,88,060","7,09,850","3,06,845","87,285","96,460","65,350"
,8-Jun,"35,42,150",165,"15,37,590","11,81,790","4,26,260","2,18,170","65,745","84,095","28,335"
 ,      9+      ,"8,29,655",50,"2,57,855","2,57,290","1,31,795","87,730","33,530","55,265","6,140"
Owned ,,,,,,,,,,
,Total,"1,15,36,350","1,130","58,84,650","35,61,890","10,57,990","5,30,900","1,65,350","2,27,260","1,07,180"
,2-Jan,"16,47,570",280,"10,57,305","4,23,915","88,115","35,045","9,270","13,925","19,715"
,5-Mar,"60,21,670",685,"32,09,690","18,71,395","5,02,795","2,30,170","67,710","83,060","56,165"
,8-Jun,"31,11,240",125,"13,79,305","10,34,515","3,50,235","1,86,030","57,485","77,770","25,775"
 ,      9+      ,"7,55,870",40,"2,38,350","2,32,065","1,16,845","79,655","30,885","52,505","5,525"
Rented ,,,,,,,,,,
,Total,"19,83,480",110,"8,40,820","6,40,885","3,15,965","1,21,595","31,310","21,020","11,775"
,2-Jan,"3,14,390",30,"1,78,840","85,915","31,555","10,830","2,725","1,935","2,560"
,5-Mar,"12,06,590",35,"5,05,950","3,93,215","1,97,985","72,890","18,355","11,195","6,965"
,8-Jun,"3,95,060",35,"1,39,270","1,38,255","72,255","30,190","7,740","5,440","1,875"
 ,      9+      ,"67,440",10,"16,760","23,500","14,170","7,685","2,490","2,450",375
Others ,,,,,,,,,,
,Total,"1,88,840",95,"1,13,100","41,990","15,835","6,950","2,155","4,465","4,250"
,2-Jan,"41,560",40,"28,255","7,795","2,215",825,260,"1,065","1,105"
,5-Mar,"1,05,085",50,"63,085","23,450","9,070","3,785","1,220","2,205","2,220"
,8-Jun,"35,850",5,"19,015","9,020","3,770","1,950",520,885,685
 ANDHRA PRADESH                                              ,      9+      ,"6,345",0,"2,745","1,725",780,390,155,310,240
 Rural,,,,,,,,,,
Total ,,,,,,,,,,
,Total,"1,03,40,765","1,135","54,92,710","32,09,500","8,64,435","3,99,610","1,10,405","1,58,640","1,04,330"
,2-Jan,"16,01,495",320,"10,36,960","4,11,040","81,990","31,225","7,635","12,460","19,865"
,5-Mar,"55,00,390",645,"30,08,730","17,21,350","4,25,260","1,80,370","46,565","62,140","55,330"
,8-Jun,"26,47,775",130,"12,36,200","8,87,745","2,72,820","1,35,505","37,775","53,375","24,225"
 ,      9+      ,"5,91,105",40,"2,10,820","1,89,365","84,365","52,510","18,430","30,665","4,910"
Owned ,,,,,,,,,,
,Total,"96,02,190","1,020","51,27,460","29,79,710","7,78,940","3,66,410","1,02,930","1,49,540","96,180"
,2-Jan,"14,48,985",265,"9,45,785","3,71,310","69,860","26,785","6,595","10,775","17,610"
,5-Mar,"50,54,765",600,"27,92,610","15,79,885","3,71,765","1,59,900","42,070","57,140","50,795"
,8-Jun,"25,23,710",120,"11,83,920","8,44,965","2,55,510","1,28,435","36,220","51,490","23,050"
 ,      9+      ,"5,74,730",35,"2,05,145","1,83,550","81,805","51,290","18,045","30,135","4,725"
Rented ,,,,,,,,,,
,Total,"6,13,240",25,"2,84,320","2,02,845","77,700","30,140","6,760","6,210","5,240"
,2-Jan,"1,21,335",15,"69,330","34,090","10,745","3,925",895,945,"1,390"
,5-Mar,"3,75,250",0,"1,70,775","1,26,065","49,060","18,740","4,140","3,555","2,915"
,8-Jun,"1,03,195",5,"40,060","37,600","15,660","6,380","1,385","1,305",800
 ,      9+      ,"13,460",5,"4,155","5,090","2,235","1,095",340,405,135
Others ,,,,,,,,,,
,Total,"1,25,335",90,"80,930","26,945","7,795","3,060",715,"2,890","2,910"
,2-Jan,"31,175",40,"21,845","5,640","1,385",515,145,740,865
,5-Mar,"70,375",45,"45,345","15,400","4,435","1,730",355,"1,445","1,620"
,8-Jun,"20,870",5,"12,220","5,180","1,650",690,170,580,375
 ANDHRA PRADESH                                              ,      9+      ,"2,915",0,"1,520",725,325,125,45,125,50
 Urban,,,,,,,,,,
Total ,,,,,,,,,,
,Total,"33,67,905",200,"13,45,860","10,35,265","5,25,355","2,59,835","88,410","94,105","18,875"
,2-Jan,"4,02,025",30,"2,27,440","1,06,585","39,895","15,475","4,620","4,465","3,515"
,5-Mar,"18,32,955",125,"7,69,995","5,66,710","2,84,590","1,26,475","40,720","34,320","10,020"
,8-Jun,"8,94,375",35,"3,01,390","2,94,045","1,53,440","82,665","27,970","30,720","4,110"
 ,      9+      ,"2,38,550",10,"47,035","67,925","47,430","35,220","15,100","24,600","1,230"
Owned ,,,,,,,,,,
,Total,"19,34,160",110,"7,57,190","5,82,180","2,79,050","1,64,490","62,420","77,720","11,000"
,2-Jan,"1,98,585",15,"1,11,520","52,605","18,255","8,260","2,675","3,150","2,105"
,5-Mar,"9,66,905",85,"4,17,080","2,91,510","1,31,030","70,270","25,640","25,920","5,370"
,8-Jun,"5,87,530",5,"1,95,385","1,89,550","94,725","57,595","21,265","26,280","2,725"
 ,      9+      ,"1,81,140",5,"33,205","48,515","35,040","28,365","12,840","22,370",800
Rented ,,,,,,,,,,
,Total,"13,70,240",85,"5,56,500","4,38,040","2,38,265","91,455","24,550","14,810","6,535"
,2-Jan,"1,93,055",15,"1,09,510","51,825","20,810","6,905","1,830",990,"1,170"
,5-Mar,"8,31,340",35,"3,35,175","2,67,150","1,48,925","54,150","14,215","7,640","4,050"
,8-Jun,"2,91,865",30,"99,210","1,00,655","56,595","23,810","6,355","4,135","1,075"
 ,      9+      ,"53,980",5,"12,605","18,410","11,935","6,590","2,150","2,045",240
Others ,,,,,,,,,,
,Total,"63,505",5,"32,170","15,045","8,040","3,890","1,440","1,575","1,340"
,2-Jan,"10,385",0,"6,410","2,155",830,310,115,325,240
,5-Mar,"34,710",5,"17,740","8,050","4,635","2,055",865,760,600
,8-Jun,"14,980",0,"6,795","3,840","2,120","1,260",350,305,310
,      9+      ,"3,430",0,"1,225","1,000",455,265,110,185,190
ARUNACHAL PRADESH,,,,,,,,,,
TOTAL,,,,,,,,,,
Total ,,,,,,,,,,
,Total,"1,73,641",578,"81,926","57,171","21,862","6,003","2,048","1,777","2,276"
,2-Jan,"35,489",85,"19,200","11,603","3,324",522,165,144,446
,5-Mar,"74,214",230,"34,804","25,623","9,361","2,075",542,416,"1,163"
,8-Jun,"46,607",183,"20,824","15,409","6,541","2,023",685,471,471
 ,      9+      ,"17,331",80,"7,098","4,536","2,636","1,383",656,746,196
Owned ,,,,,,,,,,
,Total,"1,10,560",504,"59,739","30,677","11,149","4,153","1,420","1,217","1,701"
,2-Jan,"14,937",48,"9,917","3,847",669,155,32,49,220
,5-Mar,"45,455",214,"25,894","13,014","3,857","1,139",249,179,909
,8-Jun,"35,341",168,"17,645","10,180","4,408","1,629",549,347,415
 ,      9+      ,"14,827",74,"6,283","3,636","2,215","1,230",590,642,157
Rented ,,,,,,,,,,
,Total,"48,184",46,"15,986","20,457","8,816","1,554",547,486,292
,2-Jan,"15,658",23,"6,875","6,021","2,172",305,106,76,80
,5-Mar,"22,282",11,"6,428","9,761","4,618",812,267,212,173
,8-Jun,"8,484",7,"2,192","4,007","1,706",321,116,108,27
 ,      9+      ,"1,760",5,491,668,320,116,58,90,12
Others ,,,,,,,,,,
,Total,"14,897",28,"6,201","6,037","1,897",296,81,74,283
,2-Jan,"4,894",14,"2,408","1,735",483,62,27,19,146
,5-Mar,"6,477",5,"2,482","2,848",886,124,26,25,81
,8-Jun,"2,782",8,987,"1,222",427,73,20,16,29
 ANDHRA PRADESH                                              ,      9+      ,744,1,324,232,101,37,8,14,27
RURAL,,,,,,,,,,
Total ,,,,,,,,,,
,Total,"1,47,903",555,"74,154","46,602","16,699","4,817","1,559","1,405","2,112"
,2-Jan,"29,105",65,"16,315","9,283","2,447",352,112,113,418
,5-Mar,"61,677",230,"31,460","20,266","6,568","1,502",333,279,"1,039"
,8-Jun,"41,111",181,"19,538","12,959","5,318","1,717",550,381,467
 ,      9+      ,"16,010",79,"6,841","4,094","2,366","1,246",564,632,188
Owned ,,,,,,,,,,
,Total,"1,05,359",502,"57,871","28,684","10,391","3,844","1,276","1,096","1,695"
,2-Jan,"13,996",47,"9,396","3,530",594,141,27,45,216
,5-Mar,"43,210",214,"25,067","12,050","3,554","1,036",223,159,907
,8-Jun,"33,883",168,"17,242","9,600","4,140","1,508",495,315,415
 ,      9+      ,"14,270",73,"6,166","3,504","2,103","1,159",531,577,157
Rented ,,,,,,,,,,
,Total,"31,097",35,"11,260","13,502","4,931",745,225,246,153
,2-Jan,"11,085",13,"4,954","4,349","1,437",161,60,52,59
,5-Mar,"13,701",11,"4,411","6,216","2,437",372,94,99,61
,8-Jun,"5,166",6,"1,508","2,506",874,153,43,51,25
 ,      9+      ,"1,145",5,387,431,183,59,28,44,8
Others ,,,,,,,,,,
,Total,"11,447",18,"5,023","4,416","1,377",228,58,63,264
,2-Jan,"4,024",5,"1,965","1,404",416,50,25,16,143
,5-Mar,"4,766",5,"1,982","2,000",577,94,16,21,71
,8-Jun,"2,062",7,788,853,304,56,12,15,27
 ANDHRA PRADESH                                              ,      9+      ,595,1,288,159,80,28,5,11,23
URBAN,,,,,,,,,,
Total ,,,,,,,,,,
,Total,"25,738",23,"7,772","10,569","5,163","1,186",489,372,164
,2-Jan,"6,384",20,"2,885","2,320",877,170,53,31,28
,5-Mar,"12,537",0,"3,344","5,357","2,793",573,209,137,124
,8-Jun,"5,496",2,"1,286","2,450","1,223",306,135,90,4
 ,      9+      ,"1,321",1,257,442,270,137,92,114,8
Owned ,,,,,,,,,,
,Total,"5,201",2,"1,868","1,993",758,309,144,121,6
,2-Jan,941,1,521,317,75,14,5,4,4
,5-Mar,"2,245",0,827,964,303,103,26,20,2
,8-Jun,"1,458",0,403,580,268,121,54,32,0
 ,      9+      ,557,1,117,132,112,71,59,65,0
Rented ,,,,,,,,,,
,Total,"17,087",11,"4,726","6,955","3,885",809,322,240,139
,2-Jan,"4,573",10,"1,921","1,672",735,144,46,24,21
,5-Mar,"8,581",0,"2,017","3,545","2,181",440,173,113,112
,8-Jun,"3,318",1,684,"1,501",832,168,73,57,2
 ,      9+      ,615,0,104,237,137,57,30,46,4
Others ,,,,,,,,,,
,Total,"3,450",10,"1,178","1,621",520,68,23,11,19
,2-Jan,870,9,443,331,67,12,2,3,3
,5-Mar,"1,711",0,500,848,309,30,10,4,10
,8-Jun,720,1,199,369,123,17,8,1,2
,      9+      ,149,0,36,73,21,9,3,3,4
 ASSAM,,,,,,,,,,
TOTAL,,,,,,,,,,
Total ,,,,,,,,,,
,Total,"37,98,360",705,"13,70,360","11,61,505","6,75,460","3,11,240","1,41,575","1,37,515",0
,2-Jan,"3,70,015",90,"2,09,025","1,07,185","35,095","10,890","3,620","4,110",0
,5-Mar,"15,49,435",270,"6,46,345","4,98,570","2,42,905","93,860","37,610","29,875",0
,8-Jun,"12,93,140",285,"3,94,820","4,14,355","2,60,425","1,20,380","54,515","48,360",0
 ,      9+      ,"5,85,770",60,"1,20,170","1,41,395","1,37,035","86,110","45,830","55,170",0
Owned ,,,,,,,,,,
,Total,"32,06,960",530,"11,62,905","9,57,080","5,64,800","2,68,215","1,30,620","1,22,810",0
,2-Jan,"2,44,725",65,"1,42,055","70,750","21,305","6,065","2,205","2,280",0
,5-Mar,"12,59,270",210,"5,49,265","3,94,230","1,87,255","72,745","32,205","23,360",0
,8-Jun,"11,47,900",205,"3,57,840","3,60,725","2,26,575","1,06,830","51,600","44,125",0
 ,      9+      ,"5,55,065",50,"1,13,745","1,31,375","1,29,665","82,575","44,610","53,045",0
Rented ,,,,,,,,,,
,Total,"4,36,930",120,"1,51,375","1,53,585","81,770","32,445","8,355","9,280",0
,2-Jan,"98,200",25,"54,025","28,455","10,125","3,480","1,005","1,085",0
,5-Mar,"2,14,010",40,"68,835","78,740","41,935","16,000","4,285","4,175",0
,8-Jun,"1,03,360",55,"24,495","39,225","24,505","10,290","2,155","2,635",0
 ,      9+      ,"21,360",0,"4,020","7,165","5,205","2,675",910,"1,385",0
Others ,,,,,,,,,,
,Total,"1,54,470",55,"56,080","50,840","28,890","10,580","2,600","5,425",0
,2-Jan,"27,090",0,"12,945","7,980","3,665","1,345",410,745,0
,5-Mar,"76,155",20,"28,245","25,600","13,715","5,115","1,120","2,340",0
,8-Jun,"41,880",25,"12,485","14,405","9,345","3,260",760,"1,600",0
 ANDHRA PRADESH                                              ,      9+      ,"9,345",10,"2,405","2,855","2,165",860,310,740,0
RURAL,,,,,,,,,,
Total ,,,,,,,,,,
,Total,"33,26,700",625,"12,20,960","10,18,365","5,92,965","2,65,635","1,17,510","1,10,640",0
,2-Jan,"2,89,810",75,"1,62,850","85,500","27,660","8,145","2,585","2,995",0
,5-Mar,"13,41,385",260,"5,79,855","4,30,235","2,05,255","75,270","28,635","21,875",0
,8-Jun,"11,62,950",235,"3,65,250","3,72,470","2,33,835","1,05,085","46,265","39,810",0
 ,      9+      ,"5,32,555",55,"1,13,005","1,30,160","1,26,215","77,135","40,025","45,960",0
Owned ,,,,,,,,,,
,Total,"29,55,320",495,"11,07,440","8,84,440","5,14,375","2,36,250","1,11,565","1,00,755",0
,2-Jan,"2,22,660",55,"1,32,000","63,660","18,540","4,955","1,705","1,745",0
,5-Mar,"11,59,735",210,"5,24,480","3,62,380","1,67,585","61,440","25,990","17,650",0
,8-Jun,"10,61,735",180,"3,42,265","3,35,305","2,07,510","95,090","44,555","36,830",0
 ,      9+      ,"5,11,190",50,"1,08,695","1,23,095","1,20,740","74,765","39,315","44,530",0
Rented ,,,,,,,,,,
,Total,"2,37,495",95,"64,030","89,960","53,415","20,515","4,060","5,420",0
,2-Jan,"44,360",20,"19,870","15,175","6,050","2,050",555,640,0
,5-Mar,"1,15,685",35,"30,180","45,605","25,965","9,660","1,895","2,345",0
,8-Jun,"64,365",40,"11,825","24,670","17,860","7,180","1,145","1,645",0
 ,      9+      ,"13,085",0,"2,155","4,510","3,540","1,625",465,790,0
Others ,,,,,,,,,,
,Total,"1,33,885",35,"49,490","43,965","25,175","8,870","1,885","4,465",0
,2-Jan,"22,790",0,"10,980","6,665","3,070","1,140",325,610,0
,5-Mar,"65,965",15,"25,195","22,250","11,705","4,170",750,"1,880",0
,8-Jun,"36,850",15,"11,160","12,495","8,465","2,815",565,"1,335",0
 ANDHRA PRADESH                                              ,      9+      ,"8,280",5,"2,155","2,555","1,935",745,245,640,0
URBAN,,,,,,,,,,
Total ,,,,,,,,,,
,Total,"4,71,660",80,"1,49,400","1,43,140","82,495","45,605","24,065","26,875",0
,2-Jan,"80,205",15,"46,175","21,685","7,435","2,745","1,035","1,115",0
,5-Mar,"2,08,050",10,"66,490","68,335","37,650","18,590","8,975","8,000",0
,8-Jun,"1,30,190",50,"29,570","41,885","26,590","15,295","8,250","8,550",0
 ,      9+      ,"53,215",5,"7,165","11,235","10,820","8,975","5,805","9,210",0
Owned ,,,,,,,,,,
,Total,"2,51,640",35,"55,465","72,640","50,425","31,965","19,055","22,055",0
,2-Jan,"22,065",10,"10,055","7,090","2,765","1,110",500,535,0
,5-Mar,"99,535",0,"24,785","31,850","19,670","11,305","6,215","5,710",0
,8-Jun,"86,165",25,"15,575","25,420","19,065","11,740","7,045","7,295",0
 ,      9+      ,"43,875",0,"5,050","8,280","8,925","7,810","5,295","8,515",0
Rented ,,,,,,,,,,
,Total,"1,99,435",25,"87,345","63,625","28,355","11,930","4,295","3,860",0
,2-Jan,"53,840",5,"34,155","13,280","4,075","1,430",450,445,0
,5-Mar,"98,325",5,"38,655","33,135","15,970","6,340","2,390","1,830",0
,8-Jun,"38,995",15,"12,670","14,555","6,645","3,110","1,010",990,0
 ,      9+      ,"8,275",0,"1,865","2,655","1,665","1,050",445,595,0
Others ,,,,,,,,,,
,Total,"20,585",20,"6,590","6,875","3,715","1,710",715,960,0
,2-Jan,"4,300",0,"1,965","1,315",595,205,85,135,0
,5-Mar,"10,190",5,"3,050","3,350","2,010",945,370,460,0
,8-Jun,"5,030",10,"1,325","1,910",880,445,195,265,0
,      9+      ,"1,065",5,250,300,230,115,65,100,0
 BIHAR,,,,,,,,,,
TOTAL,,,,,,,,,,
Total ,,,,,,,,,,
,Total,"1,41,08,710","3,475","47,44,515","46,58,670","21,62,970","11,33,270","5,95,535","8,02,660","7,615"
,2-Jan,"13,23,015",335,"7,69,335","3,75,390","1,00,450","38,245","15,900","20,160","3,200"
,5-Mar,"51,31,110","1,220","22,34,310","18,27,830","6,26,455","2,39,185","1,00,545","98,030","3,535"
,8-Jun,"47,74,065","1,065","13,53,045","17,40,600","8,57,180","4,18,455","1,97,255","2,05,900",565
 ,      9+      ,"28,80,520",855,"3,87,825","7,14,850","5,78,885","4,37,385","2,81,835","4,78,570",315
Owned ,,,,,,,,,,
,Total,"1,34,03,880","3,200","45,04,685","43,76,575","20,56,040","10,97,165","5,82,545","7,77,705","5,965"
,2-Jan,"11,80,600",275,"6,93,520","3,31,500","87,565","33,415","14,435","16,990","2,900"
,5-Mar,"48,47,695","1,110","21,39,155","17,11,835","5,82,560","2,25,425","95,575","89,815","2,220"
,8-Jun,"45,66,030","1,000","12,97,925","16,46,695","8,21,140","4,07,095","1,93,280","1,98,355",540
 ,      9+      ,"28,09,555",815,"3,74,085","6,86,545","5,64,775","4,31,230","2,79,255","4,72,545",305
Rented ,,,,,,,,,,
,Total,"5,91,045",265,"1,95,790","2,47,495","92,995","30,385","10,910","11,610","1,595"
,2-Jan,"1,17,575",50,"63,275","36,780","10,625","3,915","1,185","1,480",265
,5-Mar,"2,41,215",110,"77,975","1,02,980","38,985","11,710","4,290","3,860","1,305"
,8-Jun,"1,74,785",65,"44,145","82,930","31,300","9,645","3,350","3,330",20
 ,      9+      ,"57,470",40,"10,395","24,805","12,085","5,115","2,085","2,940",5
Others ,,,,,,,,,,
,Total,"1,13,785",10,"44,040","34,600","13,935","5,720","2,080","13,345",55
,2-Jan,"24,840",10,"12,540","7,110","2,260",915,280,"1,690",35
,5-Mar,"42,200",0,"17,180","13,015","4,910","2,050",680,"4,355",10
,8-Jun,"33,250",0,"10,975","10,975","4,740","1,715",625,"4,215",5
 ANDHRA PRADESH                                              ,      9+      ,"13,495",0,"3,345","3,500","2,025","1,040",495,"3,085",5
RURAL,,,,,,,,,,
Total ,,,,,,,,,,
,Total,"1,22,51,565","2,995","42,14,700","39,99,515","18,59,215","9,62,725","5,16,235","6,90,225","5,955"
,2-Jan,"11,06,225",275,"6,57,735","3,04,930","81,390","30,095","12,915","15,935","2,950"
,5-Mar,"44,93,320","1,035","20,12,260","15,82,525","5,32,100","1,98,135","84,440","80,640","2,185"
,8-Jun,"41,59,720",955,"12,05,920","15,02,480","7,44,325","3,58,390","1,71,565","1,75,560",525
 ,      9+      ,"24,92,300",730,"3,38,785","6,09,580","5,01,400","3,76,105","2,47,315","4,18,090",295
Owned ,,,,,,,,,,
,Total,"1,20,72,240","2,970","41,46,750","39,41,210","18,33,855","9,53,440","5,12,290","6,75,905","5,820"
,2-Jan,"10,58,595",260,"6,32,910","2,91,620","76,365","28,280","12,210","14,075","2,875"
,5-Mar,"44,24,485","1,035","19,86,300","15,59,355","5,21,945","1,94,780","83,005","75,915","2,150"
,8-Jun,"41,13,165",945,"11,92,360","14,85,405","7,36,775","3,55,705","1,70,495","1,70,970",510
 ,      9+      ,"24,75,995",730,"3,35,180","6,04,830","4,98,770","3,74,675","2,46,580","4,14,945",285
Rented ,,,,,,,,,,
,Total,"1,23,600",20,"45,445","44,990","19,220","6,800","2,930","4,110",85
,2-Jan,"34,840",10,"18,295","10,105","3,765","1,375",570,675,45
,5-Mar,"48,160",0,"16,880","18,040","8,100","2,470","1,160","1,485",25
,8-Jun,"31,240",10,"8,365","13,190","5,625","2,060",780,"1,200",10
 ,      9+      ,"9,360",0,"1,905","3,655","1,730",895,420,750,5
Others ,,,,,,,,,,
,Total,"55,725",5,"22,505","13,315","6,140","2,485","1,015","10,210",50
,2-Jan,"12,790",5,"6,530","3,205","1,260",440,135,"1,185",30
,5-Mar,"20,675",0,"9,080","5,130","2,055",885,275,"3,240",10
,8-Jun,"15,315",0,"5,195","3,885","1,925",625,290,"3,390",5
 ANDHRA PRADESH                                              ,      9+      ,"6,945",0,"1,700","1,095",900,535,315,"2,395",5
URBAN,,,,,,,,,,
Total ,,,,,,,,,,
,Total,"18,57,145",480,"5,29,815","6,59,155","3,03,755","1,70,545","79,300","1,12,435","1,660"
,2-Jan,"2,16,790",60,"1,11,600","70,460","19,060","8,150","2,985","4,225",250
,5-Mar,"6,37,790",185,"2,22,050","2,45,305","94,355","41,050","16,105","17,390","1,350"
,8-Jun,"6,14,345",110,"1,47,125","2,38,120","1,12,855","60,065","25,690","30,340",40
 ,      9+      ,"3,88,220",125,"49,040","1,05,270","77,485","61,280","34,520","60,480",20
Owned ,,,,,,,,,,
,Total,"13,31,640",230,"3,57,935","4,35,365","2,22,185","1,43,725","70,255","1,01,800",145
,2-Jan,"1,22,005",15,"60,610","39,880","11,200","5,135","2,225","2,915",25
,5-Mar,"4,23,210",75,"1,52,855","1,52,480","60,615","30,645","12,570","13,900",70
,8-Jun,"4,52,865",55,"1,05,565","1,61,290","84,365","51,390","22,785","27,385",30
 ,      9+      ,"3,33,560",85,"38,905","81,715","66,005","56,555","32,675","57,600",20
Rented ,,,,,,,,,,
,Total,"4,67,445",245,"1,50,345","2,02,505","73,775","23,585","7,980","7,500","1,510"
,2-Jan,"82,735",40,"44,980","26,675","6,860","2,540",615,805,220
,5-Mar,"1,93,055",110,"61,095","84,940","30,885","9,240","3,130","2,375","1,280"
,8-Jun,"1,43,545",55,"35,780","69,740","25,675","7,585","2,570","2,130",10
 ,      9+      ,"48,110",40,"8,490","21,150","10,355","4,220","1,665","2,190",0
Others ,,,,,,,,,,
,Total,"58,060",5,"21,535","21,285","7,795","3,235","1,065","3,135",5
,2-Jan,"12,050",5,"6,010","3,905","1,000",475,145,505,5
,5-Mar,"21,525",0,"8,100","7,885","2,855","1,165",405,"1,115",0
,8-Jun,"17,935",0,"5,780","7,090","2,815","1,090",335,825,0
,      9+      ,"6,550",0,"1,645","2,405","1,125",505,180,690,0
 GOA,,,,,,,,,,
TOTAL,,,,,,,,,,
Total ,,,,,,,,,,
,Total,"2,24,704",445,"59,314","58,308","41,423","29,309","15,503","17,670","2,732"
,2-Jan,"36,500",102,"14,388","9,246","5,262","3,367","1,669","1,730",736
,5-Mar,"1,06,084",238,"28,454","28,745","20,319","13,470","6,733","6,878","1,247"
,8-Jun,"64,130",88,"13,999","16,799","12,433","9,293","5,012","5,902",604
 ,      9+      ,"17,990",17,"2,473","3,518","3,409","3,179","2,089","3,160",145
Owned ,,,,,,,,,,
,Total,"1,71,328",228,"34,981","43,043","33,786","26,344","14,555","16,783","1,608"
,2-Jan,"23,787",43,"7,344","6,145","3,895","2,905","1,521","1,577",357
,5-Mar,"76,929",115,"15,982","19,998","15,767","11,703","6,200","6,473",691
,8-Jun,"54,390",59,"9,822","13,853","10,978","8,715","4,819","5,694",450
 ,      9+      ,"16,222",11,"1,833","3,047","3,146","3,021","2,015","3,039",110
Rented ,,,,,,,,,,
,Total,"45,343",154,"19,831","13,780","6,843","2,573",742,615,805
,2-Jan,"10,706",39,"5,847","2,770","1,199",372,103,97,279
,5-Mar,"25,290",87,"10,254","8,043","4,181","1,596",437,290,402
,8-Jun,"7,982",24,"3,243","2,583","1,246",479,150,156,101
 ,      9+      ,"1,365",4,487,384,217,126,52,72,23
Others ,,,,,,,,,,
,Total,"8,033",63,"4,502","1,485",794,392,206,272,319
,2-Jan,"2,007",20,"1,197",331,168,90,45,56,100
,5-Mar,"3,865",36,"2,218",704,371,171,96,115,154
,8-Jun,"1,758",5,934,363,209,99,43,52,53
 ANDHRA PRADESH                                              ,      9+      ,403,2,153,87,46,32,22,49,12
RURAL,,,,,,,,,,
Total ,,,,,,,,,,
,Total,"1,31,923",270,"34,575","34,858","23,157","17,122","9,547","10,422","1,972"
,2-Jan,"21,059",63,"8,177","5,281","2,879","1,977","1,077","1,067",538
,5-Mar,"59,170",147,"16,226","16,387","10,247","7,267","4,008","4,017",871
,8-Jun,"40,131",51,"8,656","10,838","7,738","5,807","3,090","3,493",458
 ,      9+      ,"11,563",9,"1,516","2,352","2,293","2,071","1,372","1,845",105
Owned ,,,,,,,,,,
,Total,"1,12,995",157,"25,065","29,912","20,944","16,265","9,208","10,059","1,385"
,2-Jan,"15,848",30,"5,222","4,114","2,381","1,810","1,004",984,303
,5-Mar,"49,271",81,"11,386","13,657","9,036","6,807","3,837","3,860",607
,8-Jun,"36,864",39,"7,154","9,929","7,292","5,622","3,022","3,420",386
 ,      9+      ,"11,012",7,"1,303","2,212","2,235","2,026","1,345","1,795",89
Rented ,,,,,,,,,,
,Total,"14,142",55,"6,864","4,041","1,752",628,214,203,385
,2-Jan,"3,924",14,"2,222",951,379,113,39,43,163
,5-Mar,"7,634",33,"3,534","2,311","1,016",359,113,93,175
,8-Jun,"2,252",8,976,683,323,128,47,46,41
 ,      9+      ,332,0,132,96,34,28,15,21,6
Others ,,,,,,,,,,
,Total,"4,786",58,"2,646",905,461,229,125,160,202
,2-Jan,"1,287",19,733,216,119,54,34,40,72
,5-Mar,"2,265",33,"1,306",419,195,101,58,64,89
,8-Jun,"1,015",4,526,226,123,57,21,27,31
 ANDHRA PRADESH                                              ,      9+      ,219,2,81,44,24,17,12,29,10
URBAN,,,,,,,,,,
Total ,,,,,,,,,,
,Total,"92,781",175,"24,739","23,450","18,266","12,187","5,956","7,248",760
,2-Jan,"15,441",39,"6,211","3,965","2,383","1,390",592,663,198
,5-Mar,"46,914",91,"12,228","12,358","10,072","6,203","2,725","2,861",376
,8-Jun,"23,999",37,"5,343","5,961","4,695","3,486","1,922","2,409",146
 ,      9+      ,"6,427",8,957,"1,166","1,116","1,108",717,"1,315",40
Owned ,,,,,,,,,,
,Total,"58,333",71,"9,916","13,131","12,842","10,079","5,347","6,724",223
,2-Jan,"7,939",13,"2,122","2,031","1,514","1,095",517,593,54
,5-Mar,"27,658",34,"4,596","6,341","6,731","4,896","2,363","2,613",84
,8-Jun,"17,526",20,"2,668","3,924","3,686","3,093","1,797","2,274",64
 ,      9+      ,"5,210",4,530,835,911,995,670,"1,244",21
Rented ,,,,,,,,,,
,Total,"31,201",99,"12,967","9,739","5,091","1,945",528,412,420
,2-Jan,"6,782",25,"3,625","1,819",820,259,64,54,116
,5-Mar,"17,656",54,"6,720","5,732","3,165","1,237",324,197,227
,8-Jun,"5,730",16,"2,267","1,900",923,351,103,110,60
 ,      9+      ,"1,033",4,355,288,183,98,37,51,17
Others ,,,,,,,,,,
,Total,"3,247",5,"1,856",580,333,163,81,112,117
,2-Jan,720,1,464,115,49,36,11,16,28
,5-Mar,"1,600",3,912,285,176,70,38,51,65
,8-Jun,743,1,408,137,86,42,22,25,22
,      9+      ,184,0,72,43,22,15,10,20,2
 GUJARAT,,,,,,,,,,
TOTAL,,,,,,,,,,
Total ,,,,,,,,,,
,Total,"74,66,620",915,"36,60,820","23,76,625","8,54,810","3,48,980","90,825","1,07,540","26,105"
,2-Jan,"8,72,180",145,"4,98,520","2,45,245","77,530","28,725","7,915","8,865","5,235"
,5-Mar,"33,76,660",360,"17,19,655","10,47,795","3,78,180","1,47,145","35,385","35,300","12,840"
,8-Jun,"23,55,755",295,"11,16,395","7,89,955","2,75,890","1,06,715","27,980","32,475","6,050"
 ,      9+      ,"8,62,025",115,"3,26,250","2,93,630","1,23,210","66,395","19,545","30,900","1,980"
Owned ,,,,,,,,,,
,Total,"62,21,655",595,"30,04,300","19,90,060","7,24,400","3,04,965","80,480","97,295","19,560"
,2-Jan,"6,51,705",70,"3,63,240","1,88,890","59,225","22,840","6,600","7,235","3,605"
,5-Mar,"27,10,185",215,"13,74,220","8,41,145","3,04,055","1,21,330","29,510","30,710","9,000"
,8-Jun,"20,62,695",220,"9,68,870","6,90,445","2,45,335","97,180","25,680","29,760","5,205"
 ,      9+      ,"7,97,070",90,"2,97,970","2,69,580","1,15,785","63,615","18,690","29,590","1,750"
Rented ,,,,,,,,,,
,Total,"10,93,260",250,"5,71,795","3,46,785","1,13,925","38,990","8,955","6,735","5,825"
,2-Jan,"1,88,345",60,"1,15,950","48,830","15,130","4,970","1,050",965,"1,390"
,5-Mar,"5,89,840",120,"3,02,950","1,86,500","65,470","23,035","5,110","3,110","3,545"
,8-Jun,"2,57,180",50,"1,28,160","89,295","26,740","8,485","2,060","1,690",700
 ,      9+      ,"57,895",20,"24,735","22,160","6,585","2,500",735,970,190
Others ,,,,,,,,,,
,Total,"1,51,705",70,"84,725","39,780","16,485","5,025","1,390","3,510",720
,2-Jan,"32,130",15,"19,330","7,525","3,175",915,265,665,240
,5-Mar,"76,635",25,"42,485","20,150","8,655","2,780",765,"1,480",295
,8-Jun,"35,880",25,"19,365","10,215","3,815","1,050",240,"1,025",145
 ANDHRA PRADESH                                              ,      9+      ,"7,060",5,"3,545","1,890",840,280,120,340,40
RURAL,,,,,,,,,,
Total ,,,,,,,,,,
,Total,"47,92,660",465,"26,34,245","15,09,055","4,40,340","1,24,900","30,755","34,815","18,085"
,2-Jan,"5,41,805",50,"3,30,735","1,51,150","40,240","10,205","2,640","3,485","3,300"
,5-Mar,"20,75,795",165,"12,10,820","6,29,080","1,67,485","39,395","9,790","10,535","8,525"
,8-Jun,"15,74,815",170,"8,32,030","5,20,370","1,54,585","42,330","10,075","10,505","4,750"
 ,      9+      ,"6,00,245",80,"2,60,660","2,08,455","78,030","32,970","8,250","10,290","1,510"
Owned ,,,,,,,,,,
,Total,"44,44,470",370,"24,37,310","14,09,090","4,06,945","1,15,580","28,305","30,695","16,175"
,2-Jan,"4,70,270",35,"2,85,980","1,33,515","34,255","8,735","2,245","2,705","2,800"
,5-Mar,"18,84,320",125,"11,03,840","5,73,355","1,48,330","33,920","8,410","8,695","7,645"
,8-Jun,"15,02,425",145,"7,92,790","4,98,155","1,47,760","40,340","9,540","9,370","4,325"
 ,      9+      ,"5,87,455",65,"2,54,700","2,04,065","76,600","32,585","8,110","9,925","1,405"
Rented ,,,,,,,,,,
,Total,"2,80,490",70,"1,55,325","84,665","27,480","7,530","1,800","2,240","1,380"
,2-Jan,"55,125",5,"34,425","14,040","4,595","1,110",265,340,345
,5-Mar,"1,56,875",40,"85,365","47,970","16,285","4,440","1,015","1,110",650
,8-Jun,"58,595",15,"31,155","18,975","5,500","1,655",405,580,310
 ,      9+      ,"9,895",10,"4,380","3,680","1,100",325,115,210,75
Others ,,,,,,,,,,
,Total,"67,700",25,"41,610","15,300","5,915","1,790",650,"1,880",530
,2-Jan,"16,410",10,"10,330","3,595","1,390",360,130,440,155
,5-Mar,"34,600",0,"21,615","7,755","2,870","1,035",365,730,230
,8-Jun,"13,795",10,"8,085","3,240","1,325",335,130,555,115
 ANDHRA PRADESH                                              ,      9+      ,"2,895",5,"1,580",710,330,60,25,155,30
URBAN,,,,,,,,,,
Total ,,,,,,,,,,
,Total,"26,73,960",450,"10,26,575","8,67,570","4,14,470","2,24,080","60,070","72,725","8,020"
,2-Jan,"3,30,375",95,"1,67,785","94,095","37,290","18,520","5,275","5,380","1,935"
,5-Mar,"13,00,865",195,"5,08,835","4,18,715","2,10,695","1,07,750","25,595","24,765","4,315"
,8-Jun,"7,80,940",125,"2,84,365","2,69,585","1,21,305","64,385","17,905","21,970","1,300"
 ,      9+      ,"2,61,780",35,"65,590","85,175","45,180","33,425","11,295","20,610",470
Owned ,,,,,,,,,,
,Total,"17,77,185",225,"5,66,990","5,80,970","3,17,455","1,89,385","52,175","66,600","3,385"
,2-Jan,"1,81,435",35,"77,260","55,375","24,970","14,105","4,355","4,530",805
,5-Mar,"8,25,865",90,"2,70,380","2,67,790","1,55,725","87,410","21,100","22,015","1,355"
,8-Jun,"5,60,270",75,"1,76,080","1,92,290","97,575","56,840","16,140","20,390",880
 ,      9+      ,"2,09,615",25,"43,270","65,515","39,185","31,030","10,580","19,665",345
Rented ,,,,,,,,,,
,Total,"8,12,770",180,"4,16,470","2,62,120","86,445","31,460","7,155","4,495","4,445"
,2-Jan,"1,33,220",55,"81,525","34,790","10,535","3,860",785,625,"1,045"
,5-Mar,"4,32,965",80,"2,17,585","1,38,530","49,185","18,595","4,095","2,000","2,895"
,8-Jun,"1,98,585",35,"97,005","70,320","21,240","6,830","1,655","1,110",390
 ,      9+      ,"48,000",10,"20,355","18,480","5,485","2,175",620,760,115
Others ,,,,,,,,,,
,Total,"84,005",45,"43,115","24,480","10,570","3,235",740,"1,630",190
,2-Jan,"15,720",5,"9,000","3,930","1,785",555,135,225,85
,5-Mar,"42,035",25,"20,870","12,395","5,785","1,745",400,750,65
,8-Jun,"22,085",15,"11,280","6,975","2,490",715,110,470,30
,      9+      ,"4,165",0,"1,965","1,180",510,220,95,185,10
 HARYANA ,,,,,,,,,,
TOTAL,,,,,,,,,,
Total ,,,,,,,,,,
,Total,"26,45,635",315,"6,66,530","8,07,960","4,88,995","3,04,630","1,58,180","2,01,390","17,635"
,2-Jan,"2,20,600",20,"1,18,030","56,825","20,805","10,375","4,295","5,355","4,895"
,5-Mar,"10,20,725",130,"3,22,250","3,43,400","1,75,490","89,495","40,260","39,395","10,305"
,8-Jun,"9,24,755",110,"1,87,540","3,04,705","1,92,710","1,15,920","57,925","64,235","1,610"
 ,      9+      ,"4,79,555",55,"38,710","1,03,030","99,990","88,840","55,700","92,405",825
Owned ,,,,,,,,,,
,Total,"23,87,485",215,"5,30,400","7,34,890","4,63,580","2,95,265","1,54,620","1,93,310","15,205"
,2-Jan,"1,59,025",15,"72,615","46,495","18,170","9,435","3,910","4,390","3,995"
,5-Mar,"8,88,015",85,"2,55,835","3,02,570","1,61,045","84,615","38,500","36,265","9,100"
,8-Jun,"8,72,340",60,"1,66,040","2,86,280","1,86,220","1,13,440","57,080","61,850","1,370"
 ,      9+      ,"4,68,105",55,"35,910","99,545","98,145","87,775","55,130","90,805",740
Rented ,,,,,,,,,,
,Total,"2,16,540",75,"1,14,215","64,550","21,995","7,810","2,925","2,835","2,135"
,2-Jan,"51,230",0,"38,480","8,615","2,040",670,245,375,805
,5-Mar,"1,14,940",35,"56,845","37,125","12,905","4,165","1,550","1,230","1,085"
,8-Jun,"42,115",40,"16,960","15,940","5,570","2,095",695,640,175
 ,      9+      ,"8,255",0,"1,930","2,870","1,480",880,435,590,70
Others ,,,,,,,,,,
,Total,"41,610",25,"21,915","8,520","3,420","1,555",635,"5,245",295
,2-Jan,"10,345",5,"6,935","1,715",595,270,140,590,95
,5-Mar,"17,770",10,"9,570","3,705","1,540",715,210,"1,900",120
,8-Jun,"10,300",10,"4,540","2,485",920,385,150,"1,745",65
 ANDHRA PRADESH                                              ,      9+      ,"3,195",0,870,615,365,185,135,"1,010",15
RURAL,,,,,,,,,,
Total ,,,,,,,,,,
,Total,"19,16,620",215,"4,33,885","5,76,900","3,60,155","2,31,680","1,28,320","1,71,030","14,435"
,2-Jan,"1,29,605",15,"61,270","36,355","13,825","7,235","3,125","3,965","3,815"
,5-Mar,"6,90,675",70,"2,04,650","2,30,370","1,19,545","63,990","31,060","32,215","8,775"
,8-Jun,"7,04,105",80,"1,36,395","2,27,220","1,46,430","89,850","47,955","54,985","1,190"
 ,      9+      ,"3,92,235",50,"31,570","82,955","80,355","70,605","46,180","79,865",655
Owned ,,,,,,,,,,
,Total,"18,45,340",165,"3,96,715","5,58,960","3,53,625","2,28,765","1,27,090","1,65,900","14,120"
,2-Jan,"1,10,890",10,"48,340","32,845","12,800","6,805","2,965","3,400","3,725"
,5-Mar,"6,58,615",50,"1,88,125","2,21,810","1,16,410","62,630","30,565","30,360","8,665"
,8-Jun,"6,88,335",55,"1,29,765","2,22,505","1,44,785","89,085","47,645","53,390","1,105"
 ,      9+      ,"3,87,500",50,"30,485","81,800","79,630","70,245","45,915","78,750",625
Rented ,,,,,,,,,,
,Total,"43,825",30,"22,590","12,750","4,685","1,885",750,"1,000",135
,2-Jan,"12,050",0,"8,540","2,340",690,230,50,180,20
,5-Mar,"20,805",10,"10,120","6,530","2,440",915,360,380,50
,8-Jun,"8,740",20,"3,475","3,170","1,115",510,195,205,50
 ,      9+      ,"2,230",0,455,710,440,230,145,235,15
Others ,,,,,,,,,,
,Total,"27,455",20,"14,580","5,190","1,845","1,030",480,"4,130",180
,2-Jan,"6,665",5,"4,390","1,170",335,200,110,385,70
,5-Mar,"11,255",10,"6,405","2,030",695,445,135,"1,475",60
,8-Jun,"7,030",5,"3,155","1,545",530,255,115,"1,390",35
 ANDHRA PRADESH                                              ,      9+      ,"2,505",0,630,445,285,130,120,880,15
URBAN,,,,,,,,,,
Total ,,,,,,,,,,
,Total,"7,29,015",100,"2,32,645","2,31,060","1,28,840","72,950","29,860","30,360","3,200"
,2-Jan,"90,995",5,"56,760","20,470","6,980","3,140","1,170","1,390","1,080"
,5-Mar,"3,30,050",60,"1,17,600","1,13,030","55,945","25,505","9,200","7,180","1,530"
,8-Jun,"2,20,650",30,"51,145","77,485","46,280","26,070","9,970","9,250",420
 ,      9+      ,"87,320",5,"7,140","20,075","19,635","18,235","9,520","12,540",170
Owned ,,,,,,,,,,
,Total,"5,42,145",50,"1,33,685","1,75,930","1,09,955","66,500","27,530","27,410","1,085"
,2-Jan,"48,135",5,"24,275","13,650","5,370","2,630",945,990,270
,5-Mar,"2,29,400",35,"67,710","80,760","44,635","21,985","7,935","5,905",435
,8-Jun,"1,84,005",5,"36,275","63,775","41,435","24,355","9,435","8,460",265
 ,      9+      ,"80,605",5,"5,425","17,745","18,515","17,530","9,215","12,055",115
Rented ,,,,,,,,,,
,Total,"1,72,715",45,"91,625","51,800","17,310","5,925","2,175","1,835","2,000"
,2-Jan,"39,180",0,"29,940","6,275","1,350",440,195,195,785
,5-Mar,"94,135",25,"46,725","30,595","10,465","3,250","1,190",850,"1,035"
,8-Jun,"33,375",20,"13,485","12,770","4,455","1,585",500,435,125
 ,      9+      ,"6,025",0,"1,475","2,160","1,040",650,290,355,55
Others ,,,,,,,,,,
,Total,"14,155",5,"7,335","3,330","1,575",525,155,"1,115",115
,2-Jan,"3,680",0,"2,545",545,260,70,30,205,25
,5-Mar,"6,515",0,"3,165","1,675",845,270,75,425,60
,8-Jun,"3,270",5,"1,385",940,390,130,35,355,30
,      9+      ,690,0,240,170,80,55,15,130,0
 HIMACHAL PRADESH,,,,,,,,,,
TOTAL,,,,,,,,,,
Total ,,,,,,,,,,
,Total,"9,86,608","1,248","2,63,916","3,28,233","1,33,435","1,26,644","41,036","90,139","1,957"
,2-Jan,"1,75,619",229,"85,048","56,503","14,261","11,090","2,771","5,007",710
,5-Mar,"4,08,682",525,"1,11,651","1,47,087","55,455","51,498","14,869","26,901",696
,8-Jun,"2,86,849",386,"55,717","96,291","44,840","43,541","14,617","31,096",361
 ,      9+      ,"1,15,458",108,"11,500","28,352","18,879","20,515","8,779","27,135",190
Owned ,,,,,,,,,,
,Total,"8,37,211","1,150","1,87,705","2,77,439","1,20,129","1,21,612","39,641","87,976","1,559"
,2-Jan,"1,02,770",182,"39,149","35,912","10,455","9,674","2,389","4,416",593
,5-Mar,"3,48,669",496,"87,304","1,23,332","48,044","48,831","14,142","25,995",525
,8-Jun,"2,72,936",368,"50,620","90,687","43,103","42,796","14,405","30,673",284
 ,      9+      ,"1,12,836",104,"10,632","27,508","18,527","20,311","8,705","26,892",157
Rented ,,,,,,,,,,
,Total,"1,31,659",76,"66,384","46,078","11,986","4,294","1,172","1,366",303
,2-Jan,"64,714",38,"41,107","18,472","3,229","1,121",277,372,98
,5-Mar,"53,340",21,"20,689","21,993","6,916","2,362",645,588,126
,8-Jun,"11,621",14,"3,969","4,920","1,570",646,187,256,59
 ,      9+      ,"1,984",3,619,693,271,165,63,150,20
Others ,,,,,,,,,,
,Total,"17,738",22,"9,827","4,716","1,320",738,223,797,95
,2-Jan,"8,135",9,"4,792","2,119",577,295,105,219,19
,5-Mar,"6,673",8,"3,658","1,762",495,305,82,318,45
,8-Jun,"2,292",4,"1,128",684,167,99,25,167,18
 ANDHRA PRADESH                                              ,      9+      ,638,1,249,151,81,39,11,93,13
RURAL,,,,,,,,,,
Total ,,,,,,,,,,
,Total,"8,76,834","1,219","2,25,283","2,92,099","1,18,256","1,17,104","37,310","83,767","1,796"
,2-Jan,"1,40,216",217,"64,700","46,241","11,635","9,963","2,391","4,442",627
,5-Mar,"3,58,780",517,"97,359","1,28,346","47,127","46,823","13,183","24,785",640
,8-Jun,"2,68,121",382,"52,201","90,218","41,474","40,867","13,517","29,115",347
 ,      9+      ,"1,09,717",103,"11,023","27,294","18,020","19,451","8,219","25,425",182
Owned ,,,,,,,,,,
,Total,"7,95,319","1,139","1,80,771","2,65,887","1,12,497","1,14,518","36,637","82,343","1,527"
,2-Jan,"96,287",179,"37,050","33,802","9,494","9,007","2,138","4,038",579
,5-Mar,"3,29,827",493,"84,049","1,17,662","44,312","45,681","12,884","24,232",514
,8-Jun,"2,61,057",368,"49,251","87,576","40,847","40,488","13,429","28,819",279
 ,      9+      ,"1,08,148",99,"10,421","26,847","17,844","19,342","8,186","25,254",155
Rented ,,,,,,,,,,
,Total,"67,923",61,"37,105","22,623","4,689","2,005",492,763,185
,2-Jan,"37,796",31,"24,213","10,757","1,658",712,164,227,34
,5-Mar,"23,870",16,"10,457","9,427","2,434",918,233,299,86
,8-Jun,"5,220",11,"2,047","2,116",493,290,70,143,50
 ,      9+      ,"1,037",3,388,323,104,85,25,94,15
Others ,,,,,,,,,,
,Total,"13,592",19,"7,407","3,589","1,070",581,181,661,84
,2-Jan,"6,133",7,"3,437","1,682",483,244,89,177,14
,5-Mar,"5,083",8,"2,853","1,257",381,224,66,254,40
,8-Jun,"1,844",3,903,526,134,89,18,153,18
 ANDHRA PRADESH                                              ,      9+      ,532,1,214,124,72,24,8,77,12
URBAN,,,,,,,,,,
Total ,,,,,,,,,,
,Total,"1,09,774",29,"38,633","36,134","15,179","9,540","3,726","6,372",161
,2-Jan,"35,403",12,"20,348","10,262","2,626","1,127",380,565,83
,5-Mar,"49,902",8,"14,292","18,741","8,328","4,675","1,686","2,116",56
,8-Jun,"18,728",4,"3,516","6,073","3,366","2,674","1,100","1,981",14
 ,      9+      ,"5,741",5,477,"1,058",859,"1,064",560,"1,710",8
Owned ,,,,,,,,,,
,Total,"41,892",11,"6,934","11,552","7,632","7,094","3,004","5,633",32
,2-Jan,"6,483",3,"2,099","2,110",961,667,251,378,14
,5-Mar,"18,842",3,"3,255","5,670","3,732","3,150","1,258","1,763",11
,8-Jun,"11,879",0,"1,369","3,111","2,256","2,308",976,"1,854",5
 ,      9+      ,"4,688",5,211,661,683,969,519,"1,638",2
Rented ,,,,,,,,,,
,Total,"63,736",15,"29,279","23,455","7,297","2,289",680,603,118
,2-Jan,"26,918",7,"16,894","7,715","1,571",409,113,145,64
,5-Mar,"29,470",5,"10,232","12,566","4,482","1,444",412,289,40
,8-Jun,"6,401",3,"1,922","2,804","1,077",356,117,113,9
 ,      9+      ,947,0,231,370,167,80,38,56,5
Others ,,,,,,,,,,
,Total,"4,146",3,"2,420","1,127",250,157,42,136,11
,2-Jan,"2,002",2,"1,355",437,94,51,16,42,5
,5-Mar,"1,590",0,805,505,114,81,16,64,5
,8-Jun,448,1,225,158,33,10,7,14,0
,      9+      ,106,0,35,27,9,15,3,16,1
 KARNATAKA, ,,,,,,,,,
TOTAL,,,,,,,,,,
Total ,,,,,,,,,,
,Total,"80,18,450",305,"28,62,120","27,90,230","11,01,120","5,16,565","2,00,885","2,17,455","3,29,770"
,2-Jan,"8,88,555",20,"4,33,770","2,79,585","77,270","30,875","10,630","11,590","44,815"
,5-Mar,"36,77,605",160,"13,86,795","12,93,415","4,69,450","2,05,985","79,160","76,690","1,65,950"
,8-Jun,"24,86,915",75,"8,12,560","8,93,305","3,75,380","1,75,335","66,925","70,860","92,475"
 ,      9+      ,"9,65,375",50,"2,28,995","3,23,925","1,79,020","1,04,370","44,170","58,315","26,530"
Owned ,,,,,,,,,,
,Total,"64,01,310",230,"22,50,550","22,32,830","8,71,645","4,14,880","1,64,095","1,88,745","2,78,335"
,2-Jan,"6,07,305",10,"2,93,350","1,95,740","50,200","19,655","6,980","8,080","33,290"
,5-Mar,"27,90,095",120,"10,61,090","9,82,825","3,40,065","1,48,790","58,040","61,300","1,37,865"
,8-Jun,"21,23,525",65,"6,91,280","7,61,275","3,17,545","1,49,575","57,495","63,660","82,630"
 ,      9+      ,"8,80,385",35,"2,04,830","2,92,990","1,63,835","96,860","41,580","55,705","24,550"
Rented ,,,,,,,,,,
,Total,"14,29,360",60,"5,25,970","5,03,765","2,07,905","91,930","33,480","23,770","42,480"
,2-Jan,"2,44,095",10,"1,21,265","74,460","23,780","9,545","3,060","2,530","9,445"
,5-Mar,"7,90,035",35,"2,81,480","2,82,535","1,18,045","52,210","19,460","12,920","23,350"
,8-Jun,"3,20,545",5,"1,02,970","1,19,020","52,420","23,270","8,625","6,130","8,105"
 ,      9+      ,"74,685",10,"20,255","27,750","13,660","6,905","2,335","2,190","1,580"
Others ,,,,,,,,,,
,Total,"1,87,780",15,"85,600","53,635","21,570","9,755","3,310","4,940","8,955"
,2-Jan,"37,155",0,"19,155","9,385","3,290","1,675",590,980,"2,080"
,5-Mar,"97,475",5,"44,225","28,055","11,340","4,985","1,660","2,470","4,735"
,8-Jun,"42,845",5,"18,310","13,010","5,415","2,490",805,"1,070","1,740"
 ANDHRA PRADESH                                              ,      9+      ,"10,305",5,"3,910","3,185","1,525",605,255,420,400
RURAL,,,,,,,,,,
Total ,,,,,,,,,,
,Total,"55,29,740",190,"20,86,910","19,51,125","6,98,385","2,95,645","1,06,620","1,18,975","2,71,890"
,2-Jan,"5,96,880",10,"2,98,265","1,89,520","46,205","16,075","5,235","6,290","35,280"
,5-Mar,"24,65,475",95,"9,94,230","8,78,350","2,76,800","1,04,155","35,990","39,020","1,36,835"
,8-Jun,"17,71,885",60,"6,16,710","6,44,375","2,49,550","1,06,415","37,650","39,600","77,525"
 ,      9+      ,"6,95,500",25,"1,77,705","2,38,880","1,25,830","69,000","27,745","34,065","22,250"
Owned ,,,,,,,,,,
,Total,"50,67,335",175,"18,95,090","17,96,195","6,41,550","2,72,300","99,250","1,11,955","2,50,820"
,2-Jan,"4,93,865",10,"2,47,565","1,59,080","36,725","11,945","3,910","4,750","29,880"
,5-Mar,"22,15,840",90,"8,93,580","7,93,430","2,44,780","91,205","31,920","35,410","1,25,425"
,8-Jun,"16,79,900",55,"5,82,135","6,11,210","2,37,055","1,01,315","36,060","38,165","73,905"
 ,      9+      ,"6,77,730",20,"1,71,810","2,32,475","1,22,990","67,835","27,360","33,630","21,610"
Rented ,,,,,,,,,,
,Total,"3,30,375",0,"1,31,415","1,15,670","42,315","16,885","5,525","4,360","14,205"
,2-Jan,"74,370",0,"36,145","22,785","7,020","2,860",905,900,"3,755"
,5-Mar,"1,80,360",0,"69,255","63,970","24,220","9,540","3,150","2,365","7,860"
,8-Jun,"64,025",0,"22,455","24,395","9,185","3,655","1,200",895,"2,240"
 ,      9+      ,"11,620",0,"3,560","4,520","1,890",830,270,200,350
Others ,,,,,,,,,,
,Total,"1,32,030",15,"60,405","39,260","14,520","6,460","1,845","2,660","6,865"
,2-Jan,"28,645",0,"14,555","7,655","2,460","1,270",420,640,"1,645"
,5-Mar,"69,275",5,"31,395","20,950","7,800","3,410",920,"1,245","3,550"
,8-Jun,"27,960",5,"12,120","8,770","3,310","1,445",390,540,"1,380"
 ANDHRA PRADESH                                              ,      9+      ,"6,150",5,"2,335","1,885",950,335,115,235,290
URBAN,,,,,,,,,,
Total ,,,,,,,,,,
,Total,"24,88,710",115,"7,75,210","8,39,105","4,02,735","2,20,920","94,265","98,480","57,880"
,2-Jan,"2,91,675",10,"1,35,505","90,065","31,065","14,800","5,395","5,300","9,535"
,5-Mar,"12,12,130",65,"3,92,565","4,15,065","1,92,650","1,01,830","43,170","37,670","29,115"
,8-Jun,"7,15,030",15,"1,95,850","2,48,930","1,25,830","68,920","29,275","31,260","14,950"
 ,      9+      ,"2,69,875",25,"51,290","85,045","53,190","35,370","16,425","24,250","4,280"
Owned ,,,,,,,,,,
,Total,"13,33,975",55,"3,55,460","4,36,635","2,30,095","1,42,580","64,845","76,790","27,515"
,2-Jan,"1,13,440",0,"45,785","36,660","13,475","7,710","3,070","3,330","3,410"
,5-Mar,"5,74,255",30,"1,67,510","1,89,395","95,285","57,585","26,120","25,890","12,440"
,8-Jun,"4,43,625",10,"1,09,145","1,50,065","80,490","48,260","21,435","25,495","8,725"
 ,      9+      ,"2,02,655",15,"33,020","60,515","40,845","29,025","14,220","22,075","2,940"
Rented ,,,,,,,,,,
,Total,"10,98,985",60,"3,94,555","3,88,095","1,65,590","75,045","27,955","19,410","28,275"
,2-Jan,"1,69,725",10,"85,120","51,675","16,760","6,685","2,155","1,630","5,690"
,5-Mar,"6,09,675",35,"2,12,225","2,18,565","93,825","42,670","16,310","10,555","15,490"
,8-Jun,"2,56,520",5,"80,515","94,625","43,235","19,615","7,425","5,235","5,865"
 ,      9+      ,"63,065",10,"16,695","23,230","11,770","6,075","2,065","1,990","1,230"
Others ,,,,,,,,,,
,Total,"55,750",0,"25,195","14,375","7,050","3,295","1,465","2,280","2,090"
,2-Jan,"8,510",0,"4,600","1,730",830,405,170,340,435
,5-Mar,"28,200",0,"12,830","7,105","3,540","1,575",740,"1,225","1,185"
,8-Jun,"14,885",0,"6,190","4,240","2,105","1,045",415,530,360
,      9+      ,"4,155",0,"1,575","1,300",575,270,140,185,110
 KERALA ,,,,,,,,,,
TOTAL,,,,,,,,,,
Total ,,,,,,,,,,
,Total,"53,88,235",745,"6,52,365","14,42,015","13,20,575","8,93,110","5,01,990","5,51,185","26,250"
,2-Jan,"4,73,495",100,"1,26,125","1,47,975","91,265","50,090","25,565","28,805","3,570"
,5-Mar,"29,00,160",410,"3,88,370","8,35,645","7,04,450","4,51,270","2,49,550","2,52,310","18,155"
,8-Jun,"15,07,845",180,"1,15,965","3,67,710","3,98,455","2,82,230","1,60,145","1,79,835","3,325"
 ,      9+      ,"5,06,735",55,"21,905","90,685","1,26,405","1,09,520","66,730","90,235","1,200"
Owned ,,,,,,,,,,
,Total,"50,43,930",695,"5,74,980","13,30,750","12,42,960","8,59,960","4,85,690","5,30,155","18,740"
,2-Jan,"4,07,860",60,"99,335","1,29,495","80,885","45,760","23,485","26,080","2,760"
,5-Mar,"26,89,375",405,"3,48,600","7,66,715","6,54,195","4,29,255","2,38,540","2,39,675","11,990"
,8-Jun,"14,52,905",180,"1,06,890","3,47,885","3,84,685","2,77,020","1,57,710","1,75,625","2,910"
 ,      9+      ,"4,93,790",50,"20,155","86,655","1,23,195","1,07,925","65,955","88,775","1,080"
Rented ,,,,,,,,,,
,Total,"2,68,720",50,"57,930","87,830","58,950","28,820","14,480","13,530","7,130"
,2-Jan,"52,450",40,"22,160","14,760","8,040","3,555","1,695","1,495",705
,5-Mar,"1,67,280",5,"28,535","54,920","39,380","19,685","9,985","8,745","6,025"
,8-Jun,"39,870",0,"6,070","15,075","9,385","4,355","2,175","2,500",310
 ,      9+      ,"9,120",5,"1,165","3,075","2,145","1,225",625,790,90
Others ,,,,,,,,,,
,Total,"75,585",0,"19,455","23,435","18,665","4,330","1,820","7,500",380
,2-Jan,"13,185",0,"4,630","3,720","2,340",775,385,"1,230",105
,5-Mar,"43,505",0,"11,235","14,010","10,875","2,330","1,025","3,890",140
,8-Jun,"15,070",0,"3,005","4,750","4,385",855,260,"1,710",105
 ANDHRA PRADESH                                              ,      9+      ,"3,825",0,585,955,"1,065",370,150,670,30
RURAL,,,,,,,,,,
Total ,,,,,,,,,,
,Total,"40,30,870",670,"5,13,490","11,17,735","9,87,425","6,44,150","3,61,040","3,90,455","15,905"
,2-Jan,"3,64,060",90,"98,595","1,17,465","69,710","36,660","18,520","20,605","2,415"
,5-Mar,"21,71,140",370,"3,07,460","6,47,950","5,25,180","3,23,205","1,77,715","1,78,735","10,525"
,8-Jun,"11,37,510",170,"91,025","2,85,465","3,01,990","2,07,895","1,18,275","1,30,420","2,270"
 ,      9+      ,"3,58,160",40,"16,410","66,855","90,545","76,390","46,530","60,695",695
Owned ,,,,,,,,,,
,Total,"38,44,550",630,"4,65,965","10,49,625","9,46,820","6,31,660","3,55,055","3,79,705","15,090"
,2-Jan,"3,23,735",55,"81,990","1,05,265","63,605","34,385","17,445","18,825","2,165"
,5-Mar,"20,62,425",370,"2,82,850","6,07,010","5,00,335","3,15,475","1,73,815","1,72,435","10,135"
,8-Jun,"11,06,480",170,"85,645","2,72,720","2,93,995","2,05,960","1,17,485","1,28,390","2,115"
 ,      9+      ,"3,51,910",35,"15,480","64,630","88,885","75,840","46,310","60,055",675
Rented ,,,,,,,,,,
,Total,"1,30,480",40,"33,120","50,365","26,485","9,745","4,795","5,395",535
,2-Jan,"30,025",35,"13,040","9,215","4,280","1,690",760,835,170
,5-Mar,"76,795",0,"16,235","30,410","16,855","6,280","3,250","3,490",275
,8-Jun,"19,900",0,"3,325","9,095","4,525","1,410",625,835,85
 ,      9+      ,"3,760",5,520,"1,645",825,365,160,235,5
Others ,,,,,,,,,,
,Total,"55,840",0,"14,405","17,745","14,120","2,745","1,190","5,355",280
,2-Jan,"10,300",0,"3,565","2,985","1,825",585,315,945,80
,5-Mar,"31,920",0,"8,375","10,530","7,990","1,450",650,"2,810",115
,8-Jun,"11,130",0,"2,055","3,650","3,470",525,165,"1,195",70
 ANDHRA PRADESH                                              ,      9+      ,"2,490",0,410,580,835,185,60,405,15
URBAN,,,,,,,,,,
Total ,,,,,,,,,,
,Total,"13,57,365",75,"1,38,875","3,24,280","3,33,150","2,48,960","1,40,950","1,60,730","10,345"
,2-Jan,"1,09,435",10,"27,530","30,510","21,555","13,430","7,045","8,200","1,155"
,5-Mar,"7,29,020",40,"80,910","1,87,695","1,79,270","1,28,065","71,835","73,575","7,630"
,8-Jun,"3,70,335",10,"24,940","82,245","96,465","74,335","41,870","49,415","1,055"
 ,      9+      ,"1,48,575",15,"5,495","23,830","35,860","33,130","20,200","29,540",505
Owned ,,,,,,,,,,
,Total,"11,99,380",65,"1,09,015","2,81,125","2,96,140","2,28,300","1,30,635","1,50,450","3,650"
,2-Jan,"84,125",5,"17,345","24,230","17,280","11,375","6,040","7,255",595
,5-Mar,"6,26,950",35,"65,750","1,59,705","1,53,860","1,13,780","64,725","67,240","1,855"
,8-Jun,"3,46,425",10,"21,245","75,165","90,690","71,060","40,225","47,235",795
 ,      9+      ,"1,41,880",15,"4,675","22,025","34,310","32,085","19,645","28,720",405
Rented ,,,,,,,,,,
,Total,"1,38,240",10,"24,810","37,465","32,465","19,075","9,685","8,135","6,595"
,2-Jan,"22,425",5,"9,120","5,545","3,760","1,865",935,660,535
,5-Mar,"90,485",5,"12,300","24,510","22,525","13,405","6,735","5,255","5,750"
,8-Jun,"19,970",0,"2,745","5,980","4,860","2,945","1,550","1,665",225
 ,      9+      ,"5,360",0,645,"1,430","1,320",860,465,555,85
Others ,,,,,,,,,,
,Total,"19,745",0,"5,050","5,690","4,545","1,585",630,"2,145",100
,2-Jan,"2,885",0,"1,065",735,515,190,70,285,25
,5-Mar,"11,585",0,"2,860","3,480","2,885",880,375,"1,080",25
,8-Jun,"3,940",0,950,"1,100",915,330,95,515,35
,      9+      ,"1,335",0,175,375,230,185,90,265,15
 MADHYA PRADESH,,,,,,,,,,
TOTAL,,,,,,,,,,
Total ,,,,,,,,,,
,Total,"1,17,73,740","1,585","40,33,215","37,98,480","20,07,830","9,43,485","4,01,725","5,49,310","38,110"
,2-Jan,"15,91,260",120,"8,58,965","4,53,115","1,72,755","57,770","18,480","22,555","7,500"
,5-Mar,"49,10,635",670,"19,45,910","16,77,145","7,67,785","2,91,770","1,05,270","1,05,030","17,055"
,8-Jun,"36,85,045",410,"10,04,990","12,67,775","7,24,650","3,52,975","1,46,360","1,78,485","9,400"
 ,      9+      ,"15,86,800",385,"2,23,350","4,00,445","3,42,640","2,40,970","1,31,615","2,43,240","4,155"
Owned ,,,,,,,,,,
,Total,"1,03,95,620","1,490","34,96,350","33,21,750","17,78,290","8,58,525","3,80,165","5,26,750","32,300"
,2-Jan,"12,54,040",105,"6,69,370","3,60,780","1,38,090","46,255","15,515","18,405","5,520"
,5-Mar,"42,29,615",615,"16,95,250","14,33,600","6,47,310","2,48,595","94,365","95,365","14,515"
,8-Jun,"33,85,650",405,"9,20,385","11,49,560","6,63,680","3,29,435","1,40,735","1,72,930","8,520"
 ,      9+      ,"15,26,315",365,"2,11,345","3,77,810","3,29,210","2,34,240","1,29,550","2,40,050","3,745"
Rented ,,,,,,,,,,
,Total,"11,82,880",75,"4,34,725","4,28,770","2,05,485","75,655","18,665","15,770","3,735"
,2-Jan,"2,77,515",15,"1,52,365","80,455","29,285","9,640","2,200","2,430","1,125"
,5-Mar,"5,91,370",50,"2,03,430","2,21,220","1,09,470","38,890","9,560","6,915","1,835"
,8-Jun,"2,61,890",5,"69,105","1,06,905","54,930","21,265","5,085","4,095",500
 ,      9+      ,"52,105",5,"9,825","20,190","11,800","5,860","1,820","2,330",275
Others ,,,,,,,,,,
,Total,"1,95,240",20,"1,02,140","47,960","24,055","9,305","2,895","6,790","2,075"
,2-Jan,"59,705",0,"37,230","11,880","5,380","1,875",765,"1,720",855
,5-Mar,"89,650",5,"47,230","22,325","11,005","4,285","1,345","2,750",705
,8-Jun,"37,505",0,"15,500","11,310","6,040","2,275",540,"1,460",380
 ANDHRA PRADESH                                              ,      9+      ,"8,380",15,"2,180","2,445","1,630",870,245,860,135
RURAL,,,,,,,,,,
Total ,,,,,,,,,,
,Total,"90,47,710","1,330","32,57,810","28,79,910","15,06,055","6,79,975","2,96,375","3,93,505","32,750"
,2-Jan,"11,87,500",95,"6,58,775","3,28,735","1,25,935","39,550","12,990","15,485","5,935"
,5-Mar,"37,41,240",605,"15,79,955","12,55,520","5,52,525","1,96,135","71,655","70,080","14,765"
,8-Jun,"28,73,110",335,"8,30,000","9,78,565","5,57,090","2,60,520","1,09,855","1,28,185","8,560"
 ,      9+      ,"12,45,860",295,"1,89,080","3,17,090","2,70,505","1,83,770","1,01,875","1,79,755","3,490"
Owned ,,,,,,,,,,
,Total,"86,22,585","1,300","30,44,845","27,62,645","14,47,235","6,60,460","2,91,575","3,84,685","29,840"
,2-Jan,"10,44,590",90,"5,72,805","2,95,500","1,11,505","34,990","11,770","13,170","4,760"
,5-Mar,"35,45,560",585,"14,84,940","11,99,210","5,24,120","1,86,980","69,475","66,535","13,715"
,8-Jun,"27,98,925",335,"8,01,620","9,54,500","5,43,495","2,55,885","1,08,820","1,26,235","8,035"
 ,      9+      ,"12,33,510",290,"1,85,480","3,13,435","2,68,115","1,82,605","1,01,510","1,78,745","3,330"
Rented ,,,,,,,,,,
,Total,"2,96,020",20,"1,37,155","89,410","45,275","14,900","3,415","4,540","1,305"
,2-Jan,"98,840",5,"57,310","25,045","10,780","3,345",725,"1,095",535
,5-Mar,"1,36,950",15,"59,840","43,510","22,380","7,200","1,660","1,870",475
,8-Jun,"52,370",0,"17,740","18,325","10,610","3,605",780,"1,090",220
 ,      9+      ,"7,860",0,"2,265","2,530","1,505",750,250,485,75
Others ,,,,,,,,,,
,Total,"1,29,105",10,"75,810","27,855","13,545","4,615","1,385","4,280","1,605"
,2-Jan,"44,070",0,"28,660","8,190","3,650","1,215",495,"1,220",640
,5-Mar,"58,730",5,"35,175","12,800","6,025","1,955",520,"1,675",575
,8-Jun,"21,815",0,"10,640","5,740","2,985","1,030",255,860,305
 ANDHRA PRADESH                                              ,      9+      ,"4,490",5,"1,335","1,125",885,415,115,525,85
URBAN,,,,,,,,,,
Total ,,,,,,,,,,
,Total,"27,26,030",255,"7,75,405","9,18,570","5,01,775","2,63,510","1,05,350","1,55,805","5,360"
,2-Jan,"4,03,760",25,"2,00,190","1,24,380","46,820","18,220","5,490","7,070","1,565"
,5-Mar,"11,69,395",65,"3,65,955","4,21,625","2,15,260","95,635","33,615","34,950","2,290"
,8-Jun,"8,11,935",75,"1,74,990","2,89,210","1,67,560","92,455","36,505","50,300",840
 ,      9+      ,"3,40,940",90,"34,270","83,355","72,135","57,200","29,740","63,485",665
Owned ,,,,,,,,,,
,Total,"17,73,035",190,"4,51,505","5,59,105","3,31,055","1,98,065","88,590","1,42,065","2,460"
,2-Jan,"2,09,450",15,"96,565","65,280","26,585","11,265","3,745","5,235",760
,5-Mar,"6,84,055",30,"2,10,310","2,34,390","1,23,190","61,615","24,890","28,830",800
,8-Jun,"5,86,725",70,"1,18,765","1,95,060","1,20,185","73,550","31,915","46,695",485
 ,      9+      ,"2,92,805",75,"25,865","64,375","61,095","51,635","28,040","61,305",415
Rented ,,,,,,,,,,
,Total,"8,86,860",55,"2,97,570","3,39,360","1,60,210","60,755","15,250","11,230","2,430"
,2-Jan,"1,78,675",10,"95,055","55,410","18,505","6,295","1,475","1,335",590
,5-Mar,"4,54,420",35,"1,43,590","1,77,710","87,090","31,690","7,900","5,045","1,360"
,8-Jun,"2,09,520",5,"51,365","88,580","44,320","17,660","4,305","3,005",280
 ,      9+      ,"44,245",5,"7,560","17,660","10,295","5,110","1,570","1,845",200
Others ,,,,,,,,,,
,Total,"66,135",10,"26,330","20,105","10,510","4,690","1,510","2,510",470
,2-Jan,"15,635",0,"8,570","3,690","1,730",660,270,500,215
,5-Mar,"30,920",0,"12,055","9,525","4,980","2,330",825,"1,075",130
,8-Jun,"15,690",0,"4,860","5,570","3,055","1,245",285,600,75
,      9+      ,"3,890",10,845,"1,320",745,455,130,335,50
 MAHARASHTRA ,,,,,,,,,,
TOTAL,,,,,,,,,,
Total ,,,,,,,,,,
,Total,"1,48,98,775",705,"94,62,765","33,28,195","9,91,625","3,35,090","1,01,105","1,01,905","5,77,385"
,2-Jan,"19,58,515",115,"14,07,785","3,52,115","86,005","25,290","6,520","6,980","73,705"
,5-Mar,"72,69,295",345,"47,16,495","16,19,020","4,56,755","1,36,580","37,615","30,515","2,71,970"
,8-Jun,"43,05,290",160,"26,38,620","10,17,565","3,06,605","1,04,240","31,455","30,455","1,76,190"
 ,      9+      ,"13,65,675",85,"6,99,865","3,39,495","1,42,260","68,980","25,515","33,955","55,520"
Owned ,,,,,,,,,,
,Total,"1,15,98,030",505,"71,71,460","26,33,585","7,95,580","2,88,505","89,825","89,335","5,29,235"
,2-Jan,"13,48,935",90,"9,45,055","2,50,990","60,605","19,535","5,230","4,955","62,475"
,5-Mar,"54,76,215",235,"34,88,390","12,30,720","3,43,645","1,10,210","31,485","25,000","2,46,530"
,8-Jun,"35,66,030",115,"21,39,340","8,50,035","2,60,060","93,820","28,905","27,280","1,66,475"
 ,      9+      ,"12,06,850",65,"5,98,675","3,01,840","1,31,270","64,940","24,205","32,100","53,755"
Rented ,,,,,,,,,,
,Total,"28,23,675",160,"19,29,135","6,30,395","1,74,130","40,925","10,075","7,720","31,135"
,2-Jan,"5,10,620",20,"3,83,585","90,640","22,030","4,900","1,090",980,"7,375"
,5-Mar,"15,43,900",85,"10,38,330","3,55,120","1,01,365","23,365","5,415","3,455","16,765"
,8-Jun,"6,30,650",40,"4,19,780","1,50,615","40,925","9,055","2,350","1,940","5,945"
 ,      9+      ,"1,38,505",15,"87,440","34,020","9,810","3,605","1,220","1,345","1,050"
Others ,,,,,,,,,,
,Total,"4,77,070",40,"3,62,170","64,215","21,915","5,660","1,205","4,850","17,015"
,2-Jan,"98,960",5,"79,145","10,485","3,370",855,200,"1,045","3,855"
,5-Mar,"2,49,180",25,"1,89,775","33,180","11,745","3,005",715,"2,060","8,675"
,8-Jun,"1,08,610",5,"79,500","16,915","5,620","1,365",200,"1,235","3,770"
 ANDHRA PRADESH                                              ,      9+      ,"20,320",5,"13,750","3,635","1,180",435,90,510,715
RURAL,,,,,,,,,,
Total ,,,,,,,,,,
,Total,"89,91,280",400,"59,09,680","18,71,120","4,58,720","1,37,165","36,195","37,390","5,40,610"
,2-Jan,"11,31,285",55,"8,20,990","1,91,140","36,305","9,680","2,460","3,295","67,360"
,5-Mar,"42,38,500",165,"28,79,345","8,52,895","1,82,205","46,405","11,350","11,525","2,54,610"
,8-Jun,"27,35,415",120,"17,26,685","6,14,575","1,58,355","46,350","11,850","11,100","1,66,380"
 ,      9+      ,"8,86,080",60,"4,82,660","2,12,510","81,855","34,730","10,535","11,470","52,260"
Owned ,,,,,,,,,,
,Total,"81,27,070",320,"53,00,765","17,04,560","4,16,680","1,28,425","34,025","33,235","5,09,060"
,2-Jan,"9,36,095",50,"6,74,790","1,59,930","28,785","8,115","2,120","2,450","59,855"
,5-Mar,"37,64,445",130,"25,47,080","7,59,660","1,58,595","41,355","10,010","9,615","2,38,000"
,8-Jun,"25,64,200",90,"16,11,380","5,77,785","1,48,870","44,610","11,470","10,050","1,59,945"
 ,      9+      ,"8,62,330",50,"4,67,515","2,07,185","80,430","34,345","10,425","11,120","51,260"
Rented ,,,,,,,,,,
,Total,"5,94,035",60,"3,99,600","1,34,520","32,690","6,890","1,750","1,700","16,825"
,2-Jan,"1,35,765",5,"99,405","24,970","5,625","1,180",230,255,"4,095"
,5-Mar,"3,31,195",25,"2,21,025","76,335","18,760","4,105","1,135",860,"8,950"
,8-Jun,"1,12,910",25,"70,875","29,280","7,315","1,350",320,430,"3,315"
 ,      9+      ,"14,165",5,"8,295","3,935",990,255,65,155,465
Others ,,,,,,,,,,
,Total,"2,70,175",20,"2,09,315","32,040","9,350","1,850",420,"2,455","14,725"
,2-Jan,"59,425",0,"46,795","6,240","1,895",385,110,590,"3,410"
,5-Mar,"1,42,860",10,"1,11,240","16,900","4,850",945,205,"1,050","7,660"
,8-Jun,"58,305",5,"44,430","7,510","2,170",390,60,620,"3,120"
 ANDHRA PRADESH                                              ,      9+      ,"9,585",5,"6,850","1,390",435,130,45,195,535
URBAN,,,,,,,,,,
Total ,,,,,,,,,,
,Total,"59,07,495",305,"35,53,085","14,57,075","5,32,905","1,97,925","64,910","64,515","36,775"
,2-Jan,"8,27,230",60,"5,86,795","1,60,975","49,700","15,610","4,060","3,685","6,345"
,5-Mar,"30,30,795",180,"18,37,150","7,66,125","2,74,550","90,175","26,265","18,990","17,360"
,8-Jun,"15,69,875",40,"9,11,935","4,02,990","1,48,250","57,890","19,605","19,355","9,810"
 ,      9+      ,"4,79,595",25,"2,17,205","1,26,985","60,405","34,250","14,980","22,485","3,260"
Owned ,,,,,,,,,,
,Total,"34,70,960",185,"18,70,695","9,29,025","3,78,900","1,60,080","55,800","56,100","20,175"
,2-Jan,"4,12,840",40,"2,70,265","91,060","31,820","11,420","3,110","2,505","2,620"
,5-Mar,"17,11,770",105,"9,41,310","4,71,060","1,85,050","68,855","21,475","15,385","8,530"
,8-Jun,"10,01,830",25,"5,27,960","2,72,250","1,11,190","49,210","17,435","17,230","6,530"
 ,      9+      ,"3,44,520",15,"1,31,160","94,655","50,840","30,595","13,780","20,980","2,495"
Rented ,,,,,,,,,,
,Total,"22,29,640",100,"15,29,535","4,95,875","1,41,440","34,035","8,325","6,020","14,310"
,2-Jan,"3,74,855",15,"2,84,180","65,670","16,405","3,720",860,725,"3,280"
,5-Mar,"12,12,705",60,"8,17,305","2,78,785","82,605","19,260","4,280","2,595","7,815"
,8-Jun,"5,17,740",15,"3,48,905","1,21,335","33,610","7,705","2,030","1,510","2,630"
 ,      9+      ,"1,24,340",10,"79,145","30,085","8,820","3,350","1,155","1,190",585
Others ,,,,,,,,,,
,Total,"2,06,895",20,"1,52,855","32,175","12,565","3,810",785,"2,395","2,290"
,2-Jan,"39,535",5,"32,350","4,245","1,475",470,90,455,445
,5-Mar,"1,06,320",15,"78,535","16,280","6,895","2,060",510,"1,010","1,015"
,8-Jun,"50,305",0,"35,070","9,405","3,450",975,140,615,650
,      9+      ,"10,735",0,"6,900","2,245",745,305,45,315,180
 MANIPUR,,,,,,,,,,
TOTAL,,,,,,,,,,
Total ,,,,,,,,,,
,Total,"3,05,053",20,"51,310","91,685","86,845","44,341","16,775","12,425","1,652"
,2-Jan,"22,420",4,"8,325","7,907","4,027","1,242",288,270,357
,5-Mar,"1,05,343",7,"22,159","37,763","28,914","10,788","3,218","1,882",612
,8-Jun,"1,16,961",4,"15,152","33,189","36,819","19,761","7,065","4,469",502
 ,      9+      ,"60,329",5,"5,674","12,826","17,085","12,550","6,204","5,804",181
Owned ,,,,,,,,,,
,Total,"2,82,334",9,"43,766","84,345","82,721","42,367","16,204","11,484","1,438"
,2-Jan,"17,739",2,"5,887","6,556","3,521","1,042",239,198,294
,5-Mar,"95,957",3,"18,907","34,455","27,284","10,138","3,038","1,614",518
,8-Jun,"1,10,699",0,"13,708","31,133","35,382","19,024","6,852","4,143",457
 ,      9+      ,"57,939",4,"5,264","12,201","16,534","12,163","6,075","5,529",169
Rented ,,,,,,,,,,
,Total,"19,118",10,"6,678","6,173","3,308","1,643",406,743,157
,2-Jan,"3,974",1,"2,180","1,120",385,168,34,48,38
,5-Mar,"7,947",4,"2,865","2,784","1,313",559,132,216,74
,8-Jun,"5,166",4,"1,261","1,721","1,150",592,147,255,36
 ,      9+      ,"2,031",1,372,548,460,324,93,224,9
Others ,,,,,,,,,,
,Total,"3,601",1,866,"1,167",816,331,165,198,57
,2-Jan,707,1,258,231,121,32,15,24,25
,5-Mar,"1,439",0,387,524,317,91,48,52,20
,8-Jun,"1,096",0,183,335,287,145,66,71,9
 ANDHRA PRADESH                                              ,      9+      ,359,0,38,77,91,63,36,51,3
RURAL,,,,,,,,,,
Total ,,,,,,,,,,
,Total,"2,22,035",11,"39,371","71,749","62,115","29,888","10,515","6,954","1,432"
,2-Jan,"15,515",3,"5,614","5,722","2,719",829,166,173,289
,5-Mar,"76,112",3,"16,787","28,684","19,923","7,056","2,048","1,093",518
,8-Jun,"84,882",1,"12,087","26,339","26,168","13,003","4,330","2,497",457
 ,      9+      ,"45,526",4,"4,883","11,004","13,305","9,000","3,971","3,191",168
Owned ,,,,,,,,,,
,Total,"2,10,847",7,"36,075","67,902","60,066","28,718","10,273","6,438","1,368"
,2-Jan,"13,470",2,"4,699","5,046","2,464",705,144,130,280
,5-Mar,"71,749",2,"15,474","27,024","19,157","6,681","1,976",943,492
,8-Jun,"81,593",0,"11,327","25,232","25,477","12,568","4,242","2,312",435
 ,      9+      ,"44,035",3,"4,575","10,600","12,968","8,764","3,911","3,053",161
Rented ,,,,,,,,,,
,Total,"8,900",3,"2,663","3,043","1,572","1,009",164,408,38
,2-Jan,"1,574",0,727,507,184,106,16,30,4
,5-Mar,"3,440",1,"1,027","1,311",579,332,53,125,12
,8-Jun,"2,629",1,629,879,535,370,57,140,18
 ,      9+      ,"1,257",1,280,346,274,201,38,113,4
Others ,,,,,,,,,,
,Total,"2,288",1,633,804,477,161,78,108,26
,2-Jan,471,1,188,169,71,18,6,13,5
,5-Mar,923,0,286,349,187,43,19,25,14
,8-Jun,660,0,131,228,156,65,31,45,4
 ANDHRA PRADESH                                              ,      9+      ,234,0,28,58,63,35,22,25,3
URBAN,,,,,,,,,,
Total ,,,,,,,,,,
,Total,"83,018",9,"11,939","19,936","24,730","14,453","6,260","5,471",220
,2-Jan,"6,905",1,"2,711","2,185","1,308",413,122,97,68
,5-Mar,"29,231",4,"5,372","9,079","8,991","3,732","1,170",789,94
,8-Jun,"32,079",3,"3,065","6,850","10,651","6,758","2,735","1,972",45
 ,      9+      ,"14,803",1,791,"1,822","3,780","3,550","2,233","2,613",13
Owned ,,,,,,,,,,
,Total,"71,487",2,"7,691","16,443","22,655","13,649","5,931","5,046",70
,2-Jan,"4,269",0,"1,188","1,510","1,057",337,95,68,14
,5-Mar,"24,208",1,"3,433","7,431","8,127","3,457","1,062",671,26
,8-Jun,"29,106",0,"2,381","5,901","9,905","6,456","2,610","1,831",22
 ,      9+      ,"13,904",1,689,"1,601","3,566","3,399","2,164","2,476",8
Rented ,,,,,,,,,,
,Total,"10,218",7,"4,015","3,130","1,736",634,242,335,119
,2-Jan,"2,400",1,"1,453",613,201,62,18,18,34
,5-Mar,"4,507",3,"1,838","1,473",734,227,79,91,62
,8-Jun,"2,537",3,632,842,615,222,90,115,18
 ,      9+      ,774,0,92,202,186,123,55,111,5
Others ,,,,,,,,,,
,Total,"1,313",0,233,363,339,170,87,90,31
,2-Jan,236,0,70,62,50,14,9,11,20
,5-Mar,516,0,101,175,130,48,29,27,6
,8-Jun,436,0,52,107,131,80,35,26,5
,      9+      ,125,0,10,19,28,28,14,26,0
 MEGHALAYA,,,,,,,,,,
TOTAL,,,,,,,,,,
Total ,,,,,,,,,,
,Total,"3,27,295",9,"1,04,017","1,19,189","56,992","23,800","9,726","10,397","3,165"
,2-Jan,"41,321",1,"20,747","13,899","4,069","1,418",455,378,354
,5-Mar,"1,37,216",4,"50,611","54,148","20,024","6,571","2,319","1,970","1,569"
,8-Jun,"1,03,064",1,"25,851","38,533","21,634","8,995","3,532","3,625",893
 ,      9+      ,"45,694",3,"6,808","12,609","11,265","6,816","3,420","4,424",349
Owned ,,,,,,,,,,
,Total,"2,63,777",9,"77,907","96,771","48,153","20,227","8,480","9,339","2,891"
,2-Jan,"27,053",1,"12,784","9,719","2,750",912,312,251,324
,5-Mar,"1,08,997",4,"38,855","43,827","16,177","5,276","1,850","1,644","1,364"
,8-Jun,"87,287",1,"20,657","32,480","19,001","7,842","3,143","3,296",867
 ,      9+      ,"40,440",3,"5,611","10,745","10,225","6,197","3,175","4,148",336
Rented ,,,,,,,,,,
,Total,"56,949",0,"23,841","20,018","7,866","3,153",903,905,263
,2-Jan,"12,568",0,"7,199","3,688","1,052",415,84,102,28
,5-Mar,"25,504",0,"10,778","9,350","3,470","1,130",304,272,200
,8-Jun,"14,185",0,"4,778","5,335","2,407","1,053",301,286,25
 ,      9+      ,"4,692",0,"1,086","1,645",937,555,214,245,10
Others ,,,,,,,,,,
,Total,"6,569",0,"2,269","2,400",973,420,343,153,11
,2-Jan,"1,700",0,764,492,267,91,59,25,2
,5-Mar,"2,715",0,978,971,377,165,165,54,5
,8-Jun,"1,592",0,416,718,226,100,88,43,1
 ANDHRA PRADESH                                              ,      9+      ,562,0,111,219,103,64,31,31,3
RURAL,,,,,,,,,,
Total ,,,,,,,,,,
,Total,"2,64,470",8,"83,791","98,511","46,163","18,714","7,183","7,152","2,948"
,2-Jan,"31,303",1,"15,092","10,888","3,258","1,115",352,260,337
,5-Mar,"1,11,438",4,"41,489","44,777","15,822","5,032","1,628","1,287","1,399"
,8-Jun,"84,797",1,"21,455","32,320","17,800","7,171","2,650","2,529",871
 ,      9+      ,"36,932",2,"5,755","10,526","9,283","5,396","2,553","3,076",341
Owned ,,,,,,,,,,
,Total,"2,41,657",8,"75,342","90,199","42,769","17,128","6,632","6,717","2,862"
,2-Jan,"25,215",1,"12,218","8,959","2,490",786,246,196,319
,5-Mar,"1,01,649",4,"37,678","41,088","14,460","4,485","1,422","1,156","1,356"
,8-Jun,"79,622",1,"20,035","30,242","16,892","6,701","2,500","2,395",856
 ,      9+      ,"35,171",2,"5,411","9,910","8,927","5,156","2,464","2,970",331
Rented ,,,,,,,,,,
,Total,"19,334",0,"7,311","7,034","2,842","1,373",308,390,76
,2-Jan,"4,980",0,"2,447","1,601",557,256,52,51,16
,5-Mar,"8,339",0,"3,293","3,171","1,169",469,84,115,38
,8-Jun,"4,496",0,"1,272","1,741",815,433,96,125,14
 ,      9+      ,"1,519",0,299,521,301,215,76,99,8
Others ,,,,,,,,,,
,Total,"3,479",0,"1,138","1,278",552,213,243,45,10
,2-Jan,"1,108",0,427,328,211,73,54,13,2
,5-Mar,"1,450",0,518,518,193,78,122,16,5
,8-Jun,679,0,148,337,93,37,54,9,1
 ANDHRA PRADESH                                              ,      9+      ,242,0,45,95,55,25,13,7,2
URBAN,,,,,,,,,,
Total ,,,,,,,,,,
,Total,"62,825",1,"20,226","20,678","10,829","5,086","2,543","3,245",217
,2-Jan,"10,018",0,"5,655","3,011",811,303,103,118,17
,5-Mar,"25,778",0,"9,122","9,371","4,202","1,539",691,683,170
,8-Jun,"18,267",0,"4,396","6,213","3,834","1,824",882,"1,096",22
 ,      9+      ,"8,762",1,"1,053","2,083","1,982","1,420",867,"1,348",8
Owned ,,,,,,,,,,
,Total,"22,120",1,"2,565","6,572","5,384","3,099","1,848","2,622",29
,2-Jan,"1,838",0,566,760,260,126,66,55,5
,5-Mar,"7,348",0,"1,177","2,739","1,717",791,428,488,8
,8-Jun,"7,665",0,622,"2,238","2,109","1,141",643,901,11
 ,      9+      ,"5,269",1,200,835,"1,298","1,041",711,"1,178",5
Rented ,,,,,,,,,,
,Total,"37,615",0,"16,530","12,984","5,024","1,780",595,515,187
,2-Jan,"7,588",0,"4,752","2,087",495,159,32,51,12
,5-Mar,"17,165",0,"7,485","6,179","2,301",661,220,157,162
,8-Jun,"9,689",0,"3,506","3,594","1,592",620,205,161,11
 ,      9+      ,"3,173",0,787,"1,124",636,340,138,146,2
Others ,,,,,,,,,,
,Total,"3,090",0,"1,131","1,122",421,207,100,108,1
,2-Jan,592,0,337,164,56,18,5,12,0
,5-Mar,"1,265",0,460,453,184,87,43,38,0
,8-Jun,913,0,268,381,133,63,34,34,0
,      9+      ,320,0,66,124,48,39,18,24,1
 MIZORAM,,,,,,,,,,
TOTAL,,,,,,,,,,
Total ,,,,,,,,,,
,Total,"1,18,898",10,"35,618","47,079","24,213","6,809","2,019","1,642","1,508"
,2-Jan,"12,610",4,"5,784","4,769","1,347",378,70,69,189
,5-Mar,"47,461",5,"16,504","19,717","7,944","1,862",422,325,682
,8-Jun,"43,604",1,"10,615","17,391","10,638","2,949",921,589,500
 ,      9+      ,"15,223",0,"2,715","5,202","4,284","1,620",606,659,137
Owned ,,,,,,,,,,
,Total,"87,841",1,"25,554","34,505","18,804","4,911","1,532","1,237","1,297"
,2-Jan,"6,583",0,"3,087","2,540",680,82,22,27,145
,5-Mar,"32,227",1,"11,214","13,300","5,585","1,087",275,185,580
,8-Jun,"35,502",0,"8,826","14,055","8,709","2,311",701,449,451
 ,      9+      ,"13,529",0,"2,427","4,610","3,830","1,431",534,576,121
Rented ,,,,,,,,,,
,Total,"28,000",7,"9,443","11,605","4,693","1,337",390,317,208
,2-Jan,"5,302",3,"2,515","1,985",536,152,34,34,43
,5-Mar,"13,888",3,"4,983","5,965","2,052",560,118,106,101
,8-Jun,"7,307",1,"1,688","3,106","1,695",475,182,112,48
 ,      9+      ,"1,503",0,257,549,410,150,56,65,16
Others ,,,,,,,,,,
,Total,"3,057",2,621,969,716,561,97,88,3
,2-Jan,725,1,182,244,131,144,14,8,1
,5-Mar,"1,346",1,307,452,307,215,29,34,1
,8-Jun,795,0,101,230,234,163,38,28,1
 ANDHRA PRADESH                                              ,      9+      ,191,0,31,43,44,39,16,18,0
RURAL,,,,,,,,,,
Total ,,,,,,,,,,
,Total,"62,510",4,"23,221","24,979","10,233","2,113",438,347,"1,175"
,2-Jan,"5,939",2,"2,898","2,166",567,112,28,31,135
,5-Mar,"24,240",2,"10,263","9,684","3,035",521,85,98,552
,8-Jun,"23,701",0,"7,867","9,774","4,461",900,191,120,388
 ,      9+      ,"8,630",0,"2,193","3,355","2,170",580,134,98,100
Owned ,,,,,,,,,,
,Total,"56,973",1,"21,654","22,733","9,074","1,747",339,263,"1,162"
,2-Jan,"4,596",0,"2,462","1,635",319,23,5,18,134
,5-Mar,"21,658",1,"9,468","8,613","2,535",380,60,57,544
,8-Jun,"22,344",0,"7,586","9,219","4,125",789,144,96,385
 ,      9+      ,"8,375",0,"2,138","3,266","2,095",555,130,92,99
Rented ,,,,,,,,,,
,Total,"4,751",2,"1,431","1,942",966,254,75,68,13
,2-Jan,"1,105",1,387,427,203,57,18,11,1
,5-Mar,"2,267",1,733,950,423,100,19,33,8
,8-Jun,"1,158",0,260,489,273,77,35,21,3
 ,      9+      ,221,0,51,76,67,20,3,3,1
Others ,,,,,,,,,,
,Total,786,1,136,304,193,112,24,16,0
,2-Jan,238,1,49,104,45,32,5,2,0
,5-Mar,315,0,62,121,77,41,6,8,0
,8-Jun,199,0,21,66,63,34,12,3,0
 ANDHRA PRADESH                                              ,      9+      ,34,0,4,13,8,5,1,3,0
URBAN,,,,,,,,,,
Total ,,,,,,,,,,
,Total,"56,388",6,"12,397","22,100","13,980","4,696","1,581","1,295",333
,2-Jan,"6,671",2,"2,886","2,603",780,266,42,38,54
,5-Mar,"23,221",3,"6,241","10,033","4,909","1,341",337,227,130
,8-Jun,"19,903",1,"2,748","7,617","6,177","2,049",730,469,112
 ,      9+      ,"6,593",0,522,"1,847","2,114","1,040",472,561,37
Owned ,,,,,,,,,,
,Total,"30,868",0,"3,900","11,772","9,730","3,164","1,193",974,135
,2-Jan,"1,987",0,625,905,361,59,17,9,11
,5-Mar,"10,569",0,"1,746","4,687","3,050",707,215,128,36
,8-Jun,"13,158",0,"1,240","4,836","4,584","1,522",557,353,66
 ,      9+      ,"5,154",0,289,"1,344","1,735",876,404,484,22
Rented ,,,,,,,,,,
,Total,"23,249",5,"8,012","9,663","3,727","1,083",315,249,195
,2-Jan,"4,197",2,"2,128","1,558",333,95,16,23,42
,5-Mar,"11,621",2,"4,250","5,015","1,629",460,99,73,93
,8-Jun,"6,149",1,"1,428","2,617","1,422",398,147,91,45
 ,      9+      ,"1,282",0,206,473,343,130,53,62,15
Others ,,,,,,,,,,
,Total,"2,271",1,485,665,523,449,73,72,3
,2-Jan,487,0,133,140,86,112,9,6,1
,5-Mar,"1,031",1,245,331,230,174,23,26,1
,8-Jun,596,0,80,164,171,129,26,25,1
,      9+      ,157,0,27,30,36,34,15,15,0
 NAGALAND,,,,,,,,,,
TOTAL,,,,,,,,,,
Total ,,,,,,,,,,
,Total,"2,21,068",2,"48,616","85,327","49,536","22,092","7,896","5,685","1,914"
,2-Jan,"31,507",0,"12,691","13,043","3,777","1,092",300,241,363
,5-Mar,"78,582",1,"19,295","34,235","16,460","5,395","1,595",902,699
,8-Jun,"71,675",0,"11,651","26,882","19,213","8,646","2,796","1,895",592
 ,      9+      ,"39,304",1,"4,979","11,167","10,086","6,959","3,205","2,647",260
Owned ,,,,,,,,,,
,Total,"1,64,131",2,"31,815","63,719","38,776","17,659","6,322","4,430","1,408"
,2-Jan,"17,693",0,"6,099","8,087","2,369",638,156,127,217
,5-Mar,"53,417",1,"11,881","24,026","11,635","3,721","1,047",596,510
,8-Jun,"58,033",0,"9,279","21,772","15,743","7,029","2,255","1,476",479
 ,      9+      ,"34,988",1,"4,556","9,834","9,029","6,271","2,864","2,231",202
Rented ,,,,,,,,,,
,Total,"49,216",0,"15,175","19,142","8,611","3,733","1,357",980,218
,2-Jan,"12,033",0,"5,967","4,380","1,038",374,119,87,68
,5-Mar,"21,857",0,"6,741","9,073","3,812","1,420",473,244,94
,8-Jun,"11,711",0,"2,116","4,499","2,881","1,373",472,331,39
 ,      9+      ,"3,615",0,351,"1,190",880,566,293,318,17
Others ,,,,,,,,,,
,Total,"7,721",0,"1,626","2,466","2,149",700,217,275,288
,2-Jan,"1,781",0,625,576,370,80,25,27,78
,5-Mar,"3,308",0,673,"1,136","1,013",254,75,62,95
,8-Jun,"1,931",0,256,611,589,244,69,88,74
 ANDHRA PRADESH                                              ,      9+      ,701,0,72,143,177,122,48,98,41
RURAL,,,,,,,,,,
Total ,,,,,,,,,,
,Total,"1,72,354",0,"34,648","69,430","40,065","17,169","5,794","3,442","1,806"
,2-Jan,"21,378",0,"7,383","9,679","2,883",767,202,137,327
,5-Mar,"58,163",0,"13,008","26,680","12,527","3,783","1,016",493,656
,8-Jun,"58,304",0,"9,634","22,807","15,688","6,594","1,939","1,068",574
 ,      9+      ,"34,509",0,"4,623","10,264","8,967","6,025","2,637","1,744",249
Owned ,,,,,,,,,,
,Total,"1,49,258",0,"29,967","59,626","34,901","15,272","5,123","2,998","1,371"
,2-Jan,"16,115",0,"5,582","7,508","2,085",538,113,90,199
,5-Mar,"48,323",0,"11,089","22,261","10,231","3,078",779,383,502
,8-Jun,"52,484",0,"8,853","20,414","14,155","5,926","1,724",941,471
 ,      9+      ,"32,336",0,"4,443","9,443","8,430","5,730","2,507","1,584",199
Rented ,,,,,,,,,,
,Total,"17,731",0,"3,751","7,999","3,510","1,460",537,300,174
,2-Jan,"4,036",0,"1,458","1,748",488,180,72,33,57
,5-Mar,"7,501",0,"1,545","3,585","1,497",532,196,79,67
,8-Jun,"4,503",0,623,"1,947","1,108",528,168,95,34
 ,      9+      ,"1,691",0,125,719,417,220,101,93,16
Others ,,,,,,,,,,
,Total,"5,365",0,930,"1,805","1,654",437,134,144,261
,2-Jan,"1,227",0,343,423,310,49,17,14,71
,5-Mar,"2,339",0,374,834,799,173,41,31,87
,8-Jun,"1,317",0,158,446,425,140,47,32,69
 ANDHRA PRADESH                                              ,      9+      ,482,0,55,102,120,75,29,67,34
URBAN,,,,,,,,,,
Total ,,,,,,,,,,
,Total,"48,714",2,"13,968","15,897","9,471","4,923","2,102","2,243",108
,2-Jan,"10,129",0,"5,308","3,364",894,325,98,104,36
,5-Mar,"20,419",1,"6,287","7,555","3,933","1,612",579,409,43
,8-Jun,"13,371",0,"2,017","4,075","3,525","2,052",857,827,18
 ,      9+      ,"4,795",1,356,903,"1,119",934,568,903,11
Owned ,,,,,,,,,,
,Total,"14,873",2,"1,848","4,093","3,875","2,387","1,199","1,432",37
,2-Jan,"1,578",0,517,579,284,100,43,37,18
,5-Mar,"5,094",1,792,"1,765","1,404",643,268,213,8
,8-Jun,"5,549",0,426,"1,358","1,588","1,103",531,535,8
 ,      9+      ,"2,652",1,113,391,599,541,357,647,3
Rented ,,,,,,,,,,
,Total,"31,485",0,"11,424","11,143","5,101","2,273",820,680,44
,2-Jan,"7,997",0,"4,509","2,632",550,194,47,54,11
,5-Mar,"14,356",0,"5,196","5,488","2,315",888,277,165,27
,8-Jun,"7,208",0,"1,493","2,552","1,773",845,304,236,5
 ,      9+      ,"1,924",0,226,471,463,346,192,225,1
Others ,,,,,,,,,,
,Total,"2,356",0,696,661,495,263,83,131,27
,2-Jan,554,0,282,153,60,31,8,13,7
,5-Mar,969,0,299,302,214,81,34,31,8
,8-Jun,614,0,98,165,164,104,22,56,5
,      9+      ,219,0,17,41,57,47,19,31,7
