" H-3 HOUSEHOLDS BY TENURE STATUS, SIZE AND NUMBER OF ROOMS OCCUPIED",,,,,,,,,,
,,,,,,,,,,
,,,,,,,,,,Number of households occupying
,,,,,,,,,,
,House-hold size,Total number of households,No excl-usive room, 1 Room,2  Rooms,3  Rooms,4  Rooms,5  Rooms,6 Rooms         and above,Un-specified Room
,1,2,3,4,5,6,7,8,9,10
 ORISSA,,,,,,,,,,
TOTAL,,,,,,,,,,
Total ,,,,,,,,,,
,Total,"59,83,250","1,325","17,62,490","23,64,770","9,60,645","4,85,040","1,85,235","1,96,775","26,970"
,1-2,"7,66,835",230,"3,87,420","2,71,915","64,380","20,290","6,800","8,600","7,200"
,3-5,"27,70,120",610,"9,57,120","11,92,665","3,78,775","1,43,500","46,240","39,005","12,205"
,6-8,"17,96,075",400,"3,64,785","7,37,335","3,67,525","1,90,230","68,950","61,035","5,815"
 ,      9+      ,"6,50,220",85,"53,165","1,62,855","1,49,965","1,31,020","63,245","88,135","1,750"
Owned ,,,,,,,,,,
,Total,"53,97,745","1,130","15,43,455","21,42,380","8,78,185","4,54,295","1,74,030","1,80,825","23,445"
,1-2,"6,26,260",155,"3,12,415","2,29,485","50,610","16,170","5,315","6,230","5,880"
,3-5,"24,77,620",530,"8,52,300","10,77,255","3,36,135","1,28,370","40,690","31,725","10,615"
,6-8,"16,66,740",360,"3,30,120","6,81,775","3,45,810","1,81,025","65,790","56,545","5,315"
 ,      9+      ,"6,27,125",85,"48,620","1,53,865","1,45,630","1,28,730","62,235","86,325","1,635"
Rented ,,,,,,,,,,
,Total,"4,85,570",140,"1,75,030","1,93,455","69,860","26,250","8,950","9,245","2,640"
,1-2,"1,13,820",55,"60,335","35,820","10,940","3,240","1,105","1,380",945
,3-5,"2,43,885",55,"82,855","1,00,880","36,715","13,130","4,570","4,440","1,240"
,6-8,"1,09,350",30,"28,240","48,975","18,665","7,970","2,570","2,535",365
 ,      9+      ,"18,515",0,"3,600","7,780","3,540","1,910",705,890,90
Others ,,,,,,,,,,
,Total,"99,935",55,"44,005","28,935","12,600","4,495","2,255","6,705",885
,1-2,"26,755",20,"14,670","6,610","2,830",880,380,990,375
,3-5,"48,615",25,"21,965","14,530","5,925","2,000",980,"2,840",350
,6-8,"19,985",10,"6,425","6,585","3,050","1,235",590,"1,955",135
,      9+      ,"4,580",0,945,"1,210",795,380,305,920,25
RURAL,,,,,,,,,,
Total ,,,,,,,,,,
,Total,"51,68,270","1,110","15,07,215","20,64,370","8,32,495","4,19,090","1,57,440","1,64,255","22,295"
,1-2,"6,36,810",155,"3,18,630","2,31,670","52,950","16,290","5,380","6,105","5,630"
,3-5,"23,97,035",535,"8,31,330","10,45,460","3,22,665","1,19,580","36,755","30,465","10,245"
,6-8,"15,60,820",350,"3,12,695","6,45,140","3,23,060","1,65,190","58,890","50,445","5,050"
 ,      9+      ,"5,73,605",70,"44,560","1,42,100","1,33,820","1,18,030","56,415","77,240","1,370"
Owned ,,,,,,,,,,
,Total,"49,53,235","1,050","14,18,145","19,91,700","8,03,425","4,09,100","1,53,880","1,55,155","20,780"
,1-2,"5,71,190",140,"2,84,520","2,12,345","45,800","14,235","4,570","4,555","5,025"
,3-5,"22,92,925",510,"7,89,230","10,08,740","3,08,685","1,14,630","35,205","26,270","9,655"
,6-8,"15,22,410",330,"3,01,205","6,30,675","3,16,470","1,62,835","58,030","48,090","4,775"
 ,      9+      ,"5,66,710",70,"43,190","1,39,940","1,32,470","1,17,400","56,075","76,240","1,325"
Rented ,,,,,,,,,,
,Total,"1,49,645",40,"59,480","54,080","21,220","7,430","2,590","3,995",810
,1-2,"46,110",10,"23,635","14,485","4,925","1,405",555,785,310
,3-5,"72,305",15,"27,155","27,340","10,465","3,870","1,195","1,955",310
,6-8,"27,075",15,"7,795","10,740","4,990","1,745",685,945,160
 ,      9+      ,"4,155",0,895,"1,515",840,410,155,310,30
Others ,,,,,,,,,,
,Total,"65,390",20,"29,590","18,590","7,850","2,560",970,"5,105",705
,1-2,"19,510",5,"10,475","4,840","2,225",650,255,765,295
,3-5,"31,805",10,"14,945","9,380","3,515","1,080",355,"2,240",280
,6-8,"11,335",5,"3,695","3,725","1,600",610,175,"1,410",115
,      9+      ,"2,740",0,475,645,510,220,185,690,15
URBAN,,,,,,,,,,
Total ,,,,,,,,,,
,Total,"8,14,980",215,"2,55,275","3,00,400","1,28,150","65,950","27,795","32,520","4,675"
,1-2,"1,30,025",75,"68,790","40,245","11,430","4,000","1,420","2,495","1,570"
,3-5,"3,73,085",75,"1,25,790","1,47,205","56,110","23,920","9,485","8,540","1,960"
,6-8,"2,35,255",50,"52,090","92,195","44,465","25,040","10,060","10,590",765
 ,      9+      ,"76,615",15,"8,605","20,755","16,145","12,990","6,830","10,895",380
Owned ,,,,,,,,,,
,Total,"4,44,510",80,"1,25,310","1,50,680","74,760","45,195","20,150","25,670","2,665"
,1-2,"55,070",15,"27,895","17,140","4,810","1,935",745,"1,675",855
,3-5,"1,84,695",20,"63,070","68,515","27,450","13,740","5,485","5,455",960
,6-8,"1,44,330",30,"28,915","51,100","29,340","18,190","7,760","8,455",540
 ,      9+      ,"60,415",15,"5,430","13,925","13,160","11,330","6,160","10,085",310
Rented ,,,,,,,,,,
,Total,"3,35,925",100,"1,15,550","1,39,375","48,640","18,820","6,360","5,250","1,830"
,1-2,"67,710",45,"36,700","21,335","6,015","1,835",550,595,635
,3-5,"1,71,580",40,"55,700","73,540","26,250","9,260","3,375","2,485",930
,6-8,"82,275",15,"20,445","38,235","13,675","6,225","1,885","1,590",205
 ,      9+      ,"14,360",0,"2,705","6,265","2,700","1,500",550,580,60
Others ,,,,,,,,,,
,Total,"34,545",35,"14,415","10,345","4,750","1,935","1,285","1,600",180
,1-2,"7,245",15,"4,195","1,770",605,230,125,225,80
,3-5,"16,810",15,"7,020","5,150","2,410",920,625,600,70
,6-8,"8,650",5,"2,730","2,860","1,450",625,415,545,20
,      9+      ,"1,840",0,470,565,285,160,120,230,10
 PUNJAB,,,,,,,,,,
TOTAL,,,,,,,,,,
Total ,,,,,,,,,,
,Total,"33,81,195",160,"8,68,630","10,92,535","6,57,750","3,90,590","1,79,485","1,83,095","8,950"
,1-2,"3,11,155",25,"1,56,105","88,890","34,505","16,830","6,730","6,610","1,460"
,3-5,"14,08,720",55,"4,40,840","4,88,795","2,53,695","1,26,850","52,320","41,735","4,430"
,6-8,"11,80,475",45,"2,39,850","4,10,145","2,57,825","1,47,910","64,305","58,275","2,120"
 ,      9+      ,"4,80,845",35,"31,835","1,04,705","1,11,725","99,000","56,130","76,475",940
Owned ,,,,,,,,,,
,Total,"30,42,890",90,"7,00,050","9,89,700","6,19,385","3,75,825","1,74,160","1,77,015","6,665"
,1-2,"2,38,090",10,"1,07,430","72,630","29,830","15,015","6,145","5,825","1,205"
,3-5,"12,25,400",30,"3,52,510","4,30,815","2,31,245","1,19,265","49,580","39,240","2,715"
,6-8,"11,13,780",25,"2,11,955","3,86,170","2,49,280","1,44,305","63,145","56,970","1,930"
 ,      9+      ,"4,65,620",25,"28,155","1,00,085","1,09,030","97,240","55,290","74,980",815
Rented ,,,,,,,,,,
,Total,"2,91,255",45,"1,47,110","89,105","32,815","12,205","4,305","3,705","1,965"
,1-2,"61,390",5,"42,010","13,390","3,655","1,315",425,400,190
,3-5,"1,61,310",20,"78,510","51,240","19,725","6,475","2,275","1,470","1,595"
,6-8,"56,080",15,"23,660","20,520","7,180","2,940",865,790,110
 ,      9+      ,"12,475",5,"2,930","3,955","2,255","1,475",740,"1,045",70
Others ,,,,,,,,,,
,Total,"47,050",25,"21,470","13,730","5,550","2,560","1,020","2,375",320
,1-2,"11,675",10,"6,665","2,870","1,020",500,160,385,65
,3-5,"22,010",5,"9,820","6,740","2,725","1,110",465,"1,025",120
,6-8,"10,615",5,"4,235","3,455","1,365",665,295,515,80
 ANDHRA PRADESH                                              ,      9+      ,"2,750",5,750,665,440,285,100,450,55
RURAL,,,,,,,,,,
Total ,,,,,,,,,,
,Total,"23,57,725",75,"5,82,595","7,74,495","4,66,490","2,67,790","1,28,050","1,32,225","6,005"
,1-2,"2,03,625",15,"97,385","60,830","23,955","11,230","4,630","4,505","1,075"
,3-5,"9,36,675",20,"2,90,715","3,31,610","1,68,620","80,305","34,460","28,510","2,435"
,6-8,"8,64,500",25,"1,72,430","3,04,470","1,90,750","1,04,830","47,350","42,940","1,705"
 ,      9+      ,"3,52,925",15,"22,065","77,585","83,165","71,425","41,610","56,270",790
Owned ,,,,,,,,,,
,Total,"22,73,510",40,"5,46,025","7,48,555","4,54,260","2,63,420","1,26,250","1,29,515","5,445"
,1-2,"1,80,830",5,"84,380","55,075","21,650","10,385","4,340","4,075",920
,3-5,"8,95,660",15,"2,73,765","3,18,665","1,61,970","78,170","33,525","27,325","2,225"
,6-8,"8,47,885",10,"1,66,660","2,98,420","1,88,080","1,03,840","46,955","42,330","1,590"
 ,      9+      ,"3,49,135",10,"21,220","76,395","82,560","71,025","41,430","55,785",710
Rented ,,,,,,,,,,
,Total,"59,500",20,"26,440","18,570","9,150","2,810","1,085","1,075",350
,1-2,"16,195",0,"9,755","3,950","1,585",505,145,160,95
,3-5,"30,280",5,"12,520","9,660","5,340","1,510",615,475,155
,6-8,"10,850",15,"3,695","4,170","1,905",580,205,220,60
 ,      9+      ,"2,175",0,470,790,320,215,120,220,40
Others ,,,,,,,,,,
,Total,"24,715",15,"10,130","7,370","3,080","1,560",715,"1,635",210
,1-2,"6,600",10,"3,250","1,805",720,340,145,270,60
,3-5,"10,735",0,"4,430","3,285","1,310",625,320,710,55
,6-8,"5,765",0,"2,075","1,880",765,410,190,390,55
 ANDHRA PRADESH                                              ,      9+      ,"1,615",5,375,400,285,185,60,265,40
URBAN,,,,,,,,,,
Total ,,,,,,,,,,
,Total,"10,23,470",85,"2,86,035","3,18,040","1,91,260","1,22,800","51,435","50,870","2,945"
,1-2,"1,07,530",10,"58,720","28,060","10,550","5,600","2,100","2,105",385
,3-5,"4,72,045",35,"1,50,125","1,57,185","85,075","46,545","17,860","13,225","1,995"
,6-8,"3,15,975",20,"67,420","1,05,675","67,075","43,080","16,955","15,335",415
 ,      9+      ,"1,27,920",20,"9,770","27,120","28,560","27,575","14,520","20,205",150
Owned ,,,,,,,,,,
,Total,"7,69,380",50,"1,54,025","2,41,145","1,65,125","1,12,405","47,910","47,500","1,220"
,1-2,"57,260",5,"23,050","17,555","8,180","4,630","1,805","1,750",285
,3-5,"3,29,740",15,"78,745","1,12,150","69,275","41,095","16,055","11,915",490
,6-8,"2,65,895",15,"45,295","87,750","61,200","40,465","16,190","14,640",340
 ,      9+      ,"1,16,485",15,"6,935","23,690","26,470","26,215","13,860","19,195",105
Rented ,,,,,,,,,,
,Total,"2,31,755",25,"1,20,670","70,535","23,665","9,395","3,220","2,630","1,615"
,1-2,"45,195",5,"32,255","9,440","2,070",810,280,240,95
,3-5,"1,31,030",15,"65,990","41,580","14,385","4,965","1,660",995,"1,440"
,6-8,"45,230",0,"19,965","16,350","5,275","2,360",660,570,50
 ,      9+      ,"10,300",5,"2,460","3,165","1,935","1,260",620,825,30
Others ,,,,,,,,,,
,Total,"22,335",10,"11,340","6,360","2,470","1,000",305,740,110
,1-2,"5,075",0,"3,415","1,065",300,160,15,115,5
,3-5,"11,275",5,"5,390","3,455","1,415",485,145,315,65
,6-8,"4,850",5,"2,160","1,575",600,255,105,125,25
,      9+      ,"1,135",0,375,265,155,100,40,185,15
 RAJASTHAN,,,,,,,,,,
TOTAL,,,,,,,,,,
Total ,,,,,,,,,,
,Total,"73,75,460","7,270","24,92,955","22,54,325","11,28,700","6,58,570","3,27,545","4,95,620","10,475"
,1-2,"8,01,070",855,"4,52,155","2,10,865","68,295","29,980","12,395","24,595","1,930"
,3-5,"27,86,015","3,080","11,41,935","9,09,465","3,70,800","1,78,160","75,820","1,02,785","3,970"
,6-8,"25,33,395","2,405","7,19,470","8,33,065","4,45,675","2,52,745","1,19,405","1,57,485","3,145"
 ,      9+      ,"12,54,980",930,"1,79,395","3,00,930","2,43,930","1,97,685","1,19,925","2,10,755","1,430"
Owned ,,,,,,,,,,
,Total,"67,05,330","3,335","21,90,440","20,51,545","10,56,270","6,32,340","3,16,875","4,45,225","9,300"
,1-2,"6,16,185",475,"3,31,695","1,71,265","56,600","26,360","10,915","17,445","1,430"
,3-5,"24,80,670","1,375","10,11,495","8,08,625","3,34,840","1,66,025","71,360","83,355","3,595"
,6-8,"23,90,285","1,010","6,75,025","7,81,475","4,26,445","2,45,395","1,16,450","1,41,555","2,930"
 ,      9+      ,"12,18,190",475,"1,72,225","2,90,180","2,38,385","1,94,560","1,18,150","2,02,870","1,345"
Rented ,,,,,,,,,,
,Total,"5,73,785","2,235","2,69,885","1,79,820","60,610","22,425","8,890","29,010",910
,1-2,"1,56,875",240,"1,06,960","32,835","8,820","2,620","1,110","3,925",365
,3-5,"2,68,380",995,"1,17,740","91,495","31,450","10,900","3,880","11,615",305
,6-8,"1,20,240",760,"39,070","46,200","16,050","6,430","2,485","9,065",180
 ,      9+      ,"28,290",240,"6,115","9,290","4,290","2,475","1,415","4,405",60
Others ,,,,,,,,,,
,Total,"96,345","1,700","32,630","22,960","11,820","3,805","1,780","21,385",265
,1-2,"28,010",140,"13,500","6,765","2,875","1,000",370,"3,225",135
,3-5,"36,965",710,"12,700","9,345","4,510","1,235",580,"7,815",70
,6-8,"22,870",635,"5,375","5,390","3,180",920,470,"6,865",35
 ANDHRA PRADESH                                              ,      9+      ,"8,500",215,"1,055","1,460","1,255",650,360,"3,480",25
RURAL,,,,,,,,,,
Total ,,,,,,,,,,
,Total,"56,63,010","3,755","19,67,360","17,21,390","8,55,425","4,85,750","2,44,495","3,76,015","8,820"
,1-2,"5,63,940",445,"3,14,115","1,51,435","49,925","20,895","8,555","17,150","1,420"
,3-5,"21,03,850","1,480","9,03,705","6,75,730","2,66,850","1,23,755","53,335","75,525","3,470"
,6-8,"19,98,880","1,285","5,97,420","6,52,785","3,44,910","1,89,070","89,920","1,20,825","2,665"
 ,      9+      ,"9,96,340",545,"1,52,120","2,41,440","1,93,740","1,52,030","92,685","1,62,515","1,265"
Owned ,,,,,,,,,,
,Total,"54,44,405","2,095","18,78,080","16,62,700","8,33,485","4,77,440","2,40,805","3,41,385","8,415"
,1-2,"4,93,965",240,"2,74,050","1,35,315","43,980","18,855","7,755","12,550","1,220"
,3-5,"20,16,260",810,"8,69,280","6,50,180","2,57,740","1,20,580","52,005","62,325","3,340"
,6-8,"19,51,790",680,"5,84,710","6,38,845","3,39,660","1,86,980","89,000","1,09,300","2,615"
 ,      9+      ,"9,82,390",365,"1,50,040","2,38,360","1,92,105","1,51,025","92,045","1,57,210","1,240"
Rented ,,,,,,,,,,
,Total,"1,55,830",745,"69,205","44,830","14,045","5,795","2,580","18,395",235
,1-2,"51,250",100,"31,720","11,665","3,620","1,235",530,"2,270",110
,3-5,"64,830",315,"26,725","20,330","6,560","2,455",995,"7,365",85
,6-8,"31,690",265,"9,345","10,670","3,135","1,515",640,"6,090",30
 ,      9+      ,"8,060",65,"1,415","2,165",730,590,415,"2,670",10
Others ,,,,,,,,,,
,Total,"62,775",915,"20,075","13,860","7,895","2,515","1,110","16,235",170
,1-2,"18,725",105,"8,345","4,455","2,325",805,270,"2,330",90
,3-5,"22,760",355,"7,700","5,220","2,550",720,335,"5,835",45
,6-8,"15,400",340,"3,365","3,270","2,115",575,280,"5,435",20
 ANDHRA PRADESH                                              ,      9+      ,"5,890",115,665,915,905,415,225,"2,635",15
URBAN,,,,,,,,,,
Total ,,,,,,,,,,
,Total,"17,12,450","3,515","5,25,595","5,32,935","2,73,275","1,72,820","83,050","1,19,605","1,655"
,1-2,"2,37,130",410,"1,38,040","59,430","18,370","9,085","3,840","7,445",510
,3-5,"6,82,165","1,600","2,38,230","2,33,735","1,03,950","54,405","22,485","27,260",500
,6-8,"5,34,515","1,120","1,22,050","1,80,280","1,00,765","63,675","29,485","36,660",480
 ,      9+      ,"2,58,640",385,"27,275","59,490","50,190","45,655","27,240","48,240",165
Owned ,,,,,,,,,,
,Total,"12,60,925","1,240","3,12,360","3,88,845","2,22,785","1,54,900","76,070","1,03,840",885
,1-2,"1,22,220",235,"57,645","35,950","12,620","7,505","3,160","4,895",210
,3-5,"4,64,410",565,"1,42,215","1,58,445","77,100","45,445","19,355","21,030",255
,6-8,"4,38,495",330,"90,315","1,42,630","86,785","58,415","27,450","32,255",315
 ,      9+      ,"2,35,800",110,"22,185","51,820","46,280","43,535","26,105","45,660",105
Rented ,,,,,,,,,,
,Total,"4,17,955","1,490","2,00,680","1,34,990","46,565","16,630","6,310","10,615",675
,1-2,"1,05,625",140,"75,240","21,170","5,200","1,385",580,"1,655",255
,3-5,"2,03,550",680,"91,015","71,165","24,890","8,445","2,885","4,250",220
,6-8,"88,550",495,"29,725","35,530","12,915","4,915","1,845","2,975",150
 ,      9+      ,"20,230",175,"4,700","7,125","3,560","1,885","1,000","1,735",50
Others ,,,,,,,,,,
,Total,"33,570",785,"12,555","9,100","3,925","1,290",670,"5,150",95
,1-2,"9,285",35,"5,155","2,310",550,195,100,895,45
,3-5,"14,205",355,"5,000","4,125","1,960",515,245,"1,980",25
,6-8,"7,470",295,"2,010","2,120","1,065",345,190,"1,430",15
,      9+      ,"2,610",100,390,545,350,235,135,845,10
 SIKKIM,,,,,,,,,,
TOTAL,,,,,,,,,,
Total ,,,,,,,,,,
,Total,"77,797",1,"27,404","25,506","11,070","6,833","3,090","3,531",362
,1-2,"11,989",0,"6,497","3,750",910,435,146,161,90
,3-5,"31,770",0,"12,520","11,078","4,147","2,246",837,803,139
,6-8,"24,117",0,"6,664","7,989","4,180","2,627","1,284","1,283",90
 ,      9+      ,"9,921",1,"1,723","2,689","1,833","1,525",823,"1,284",43
Owned ,,,,,,,,,,
,Total,"52,582",1,"16,117","16,682","8,180","5,504","2,648","3,145",305
,1-2,"5,654",0,"2,847","1,864",457,246,84,92,64
,3-5,"19,908",0,"7,256","6,768","2,780","1,655",666,665,118
,6-8,"18,589",0,"4,682","5,902","3,364","2,248","1,131","1,178",84
 ,      9+      ,"8,431",1,"1,332","2,148","1,579","1,355",767,"1,210",39
Rented ,,,,,,,,,,
,Total,"20,671",0,"9,127","7,446","2,298","1,071",392,307,30
,1-2,"5,414",0,"3,128","1,641",376,145,55,55,14
,3-5,"9,809",0,"4,246","3,686","1,104",492,157,115,9
,6-8,"4,291",0,"1,464","1,699",608,300,133,83,4
 ,      9+      ,"1,157",0,289,420,210,134,47,54,3
Others ,,,,,,,,,,
,Total,"4,544",0,"2,160","1,378",592,258,50,79,27
,1-2,921,0,522,245,77,44,7,14,12
,3-5,"2,053",0,"1,018",624,263,99,14,23,12
,6-8,"1,237",0,518,388,208,79,20,22,2
 ANDHRA PRADESH                                              ,      9+      ,333,0,102,121,44,36,9,20,1
RURAL,,,,,,,,,,
Total ,,,,,,,,,,
,Total,"69,984",1,"24,905","22,948","9,850","6,112","2,742","3,081",345
,1-2,"10,598",0,"5,808","3,290",772,385,122,138,83
,3-5,"28,430",0,"11,374","9,889","3,633","1,978",720,700,136
,6-8,"21,940",0,"6,132","7,300","3,788","2,369","1,142","1,123",86
 ,      9+      ,"9,016",1,"1,591","2,469","1,657","1,380",758,"1,120",40
Owned ,,,,,,,,,,
,Total,"51,183",1,"15,926","16,389","7,926","5,270","2,518","2,848",305
,1-2,"5,550",0,"2,801","1,831",448,239,79,88,64
,3-5,"19,462",0,"7,175","6,643","2,693","1,590",628,615,118
,6-8,"18,090",0,"4,631","5,807","3,261","2,156","1,081","1,070",84
 ,      9+      ,"8,081",1,"1,319","2,108","1,524","1,285",730,"1,075",39
Rented ,,,,,,,,,,
,Total,"14,539",0,"6,938","5,269","1,377",596,180,166,13
,1-2,"4,217",0,"2,534","1,240",257,103,37,39,7
,3-5,"7,031",0,"3,225","2,664",694,297,79,66,6
,6-8,"2,677",0,"1,006","1,122",333,137,44,35,0
 ,      9+      ,614,0,173,243,93,59,20,26,0
Others ,,,,,,,,,,
,Total,"4,262",0,"2,041","1,290",547,246,44,67,27
,1-2,831,0,473,219,67,43,6,11,12
,3-5,"1,937",0,974,582,246,91,13,19,12
,6-8,"1,173",0,495,371,194,76,17,18,2
 ANDHRA PRADESH                                              ,      9+      ,321,0,99,118,40,36,8,19,1
URBAN,,,,,,,,,,
Total ,,,,,,,,,,
,Total,"7,813",0,"2,499","2,558","1,220",721,348,450,17
,1-2,"1,391",0,689,460,138,50,24,23,7
,3-5,"3,340",0,"1,146","1,189",514,268,117,103,3
,6-8,"2,177",0,532,689,392,258,142,160,4
 ,      9+      ,905,0,132,220,176,145,65,164,3
Owned ,,,,,,,,,,
,Total,"1,399",0,191,293,254,234,130,297,0
,1-2,104,0,46,33,9,7,5,4,0
,3-5,446,0,81,125,87,65,38,50,0
,6-8,499,0,51,95,103,92,50,108,0
 ,      9+      ,350,0,13,40,55,70,37,135,0
Rented ,,,,,,,,,,
,Total,"6,132",0,"2,189","2,177",921,475,212,141,17
,1-2,"1,197",0,594,401,119,42,18,16,7
,3-5,"2,778",0,"1,021","1,022",410,195,78,49,3
,6-8,"1,614",0,458,577,275,163,89,48,4
 ,      9+      ,543,0,116,177,117,75,27,28,3
Others ,,,,,,,,,,
,Total,282,0,119,88,45,12,6,12,0
,1-2,90,0,49,26,10,1,1,3,0
,3-5,116,0,44,42,17,8,1,4,0
,6-8,64,0,23,17,14,3,3,4,0
,      9+      ,12,0,3,3,4,0,1,1,0
 TAMIL NADU,,,,,,,,,,
TOTAL,,,,,,,,,,
Total ,,,,,,,,,,
,Total,"1,23,42,715",190,"65,42,930","36,76,095","12,67,580","5,19,090","1,75,500","1,40,735","20,595"
,1-2,"20,36,370",20,"13,35,250","5,04,970","1,23,395","43,800","14,300","11,045","3,590"
,3-5,"69,59,540",110,"37,32,785","20,96,320","6,97,245","2,68,385","88,730","65,055","10,910"
,6-8,"28,49,510",55,"13,05,540","9,18,920","3,63,015","1,58,805","53,705","44,245","5,225"
 ,      9+      ,"4,97,295",5,"1,69,355","1,55,885","83,925","48,100","18,765","20,390",870
Owned ,,,,,,,,,,
,Total,"96,34,515",145,"51,97,870","28,12,675","9,33,915","4,07,670","1,44,190","1,20,995","17,055"
,1-2,"15,68,280",10,"10,42,740","3,82,030","88,490","32,515","10,955","8,720","2,820"
,3-5,"52,92,135",80,"29,17,460","15,56,225","4,86,970","1,99,440","69,305","53,770","8,885"
,6-8,"23,44,980",50,"10,91,020","7,42,975","2,86,915","1,32,740","46,990","39,680","4,610"
 ,      9+      ,"4,29,120",5,"1,46,650","1,31,445","71,540","42,975","16,940","18,825",740
Rented ,,,,,,,,,,
,Total,"25,04,120",30,"12,26,275","8,12,270","3,12,960","1,03,630","29,275","16,545","3,135"
,1-2,"4,25,980",10,"2,63,850","1,14,675","31,925","10,200","2,980","1,650",690
,3-5,"15,49,035",15,"7,46,160","5,10,355","1,98,455","64,515","18,160","9,575","1,800"
,6-8,"4,66,130",5,"1,95,490","1,64,565","71,095","24,160","6,365","3,915",535
 ,      9+      ,"62,975",0,"20,775","22,675","11,485","4,755","1,770","1,405",110
Others ,,,,,,,,,,
,Total,"2,04,080",15,"1,18,785","51,150","20,705","7,790","2,035","3,195",405
,1-2,"42,110",0,"28,660","8,265","2,980","1,085",365,675,80
,3-5,"1,18,370",15,"69,165","29,740","11,820","4,430","1,265","1,710",225
,6-8,"38,400",0,"19,030","11,380","5,005","1,905",350,650,80
 ANDHRA PRADESH                                              ,      9+      ,"5,200",0,"1,930","1,765",900,370,55,160,20
RURAL,,,,,,,,,,
Total ,,,,,,,,,,
,Total,"84,27,020",145,"48,76,100","24,25,400","6,92,825","2,64,370","85,620","65,980","16,580"
,1-2,"15,14,160",20,"10,37,580","3,59,995","75,510","24,525","7,735","5,905","2,890"
,3-5,"46,96,435",85,"27,52,260","13,65,145","3,68,120","1,30,675","41,255","30,115","8,780"
,6-8,"19,06,365",35,"9,63,765","6,01,735","2,03,455","84,030","27,855","21,215","4,275"
 ,      9+      ,"3,10,060",5,"1,22,495","98,525","45,740","25,140","8,775","8,745",635
Owned ,,,,,,,,,,
,Total,"76,36,140",120,"44,41,345","21,86,170","6,14,590","2,39,080","78,695","60,795","15,345"
,1-2,"13,35,420",10,"9,19,590","3,16,045","64,490","21,060","6,690","4,940","2,595"
,3-5,"42,17,610",70,"24,95,570","12,15,965","3,18,830","1,14,920","36,970","27,220","8,065"
,6-8,"17,86,190",35,"9,08,845","5,60,385","1,87,465","78,725","26,490","20,160","4,085"
 ,      9+      ,"2,96,920",5,"1,17,340","93,775","43,805","24,375","8,545","8,475",600
Rented ,,,,,,,,,,
,Total,"6,63,320",15,"3,54,015","2,08,325","68,455","22,070","6,065","3,480",895
,1-2,"1,48,305",10,"96,290","38,320","9,255","2,845",845,505,235
,3-5,"4,05,110",5,"2,10,305","1,30,750","43,740","13,945","3,780","2,070",515
,6-8,"99,260",0,"43,365","35,325","13,865","4,625","1,235",720,125
 ,      9+      ,"10,645",0,"4,055","3,930","1,595",655,205,185,20
Others ,,,,,,,,,,
,Total,"1,27,560",10,"80,740","30,905","9,780","3,220",860,"1,705",340
,1-2,"30,435",0,"21,700","5,630","1,765",620,200,460,60
,3-5,"73,715",10,"46,385","18,430","5,550","1,810",505,825,200
,6-8,"20,915",0,"11,555","6,025","2,125",680,130,335,65
 ANDHRA PRADESH                                              ,      9+      ,"2,495",0,"1,100",820,340,110,25,85,15
URBAN,,,,,,,,,,
Total ,,,,,,,,,,
,Total,"39,15,695",45,"16,66,830","12,50,695","5,74,755","2,54,720","89,880","74,755","4,015"
,1-2,"5,22,210",0,"2,97,670","1,44,975","47,885","19,275","6,565","5,140",700
,3-5,"22,63,105",25,"9,80,525","7,31,175","3,29,125","1,37,710","47,475","34,940","2,130"
,6-8,"9,43,145",20,"3,41,775","3,17,185","1,59,560","74,775","25,850","23,030",950
 ,      9+      ,"1,87,235",0,"46,860","57,360","38,185","22,960","9,990","11,645",235
Owned ,,,,,,,,,,
,Total,"19,98,375",25,"7,56,525","6,26,505","3,19,325","1,68,590","65,495","60,200","1,710"
,1-2,"2,32,860",0,"1,23,150","65,985","24,000","11,455","4,265","3,780",225
,3-5,"10,74,525",10,"4,21,890","3,40,260","1,68,140","84,520","32,335","26,550",820
,6-8,"5,58,790",15,"1,82,175","1,82,590","99,450","54,015","20,500","19,520",525
 ,      9+      ,"1,32,200",0,"29,310","37,670","27,735","18,600","8,395","10,350",140
Rented ,,,,,,,,,,
,Total,"18,40,800",15,"8,72,260","6,03,945","2,44,505","81,560","23,210","13,065","2,240"
,1-2,"2,77,675",0,"1,67,560","76,355","22,670","7,355","2,135","1,145",455
,3-5,"11,43,925",10,"5,35,855","3,79,605","1,54,715","50,570","14,380","7,505","1,285"
,6-8,"3,66,870",5,"1,52,125","1,29,240","57,230","19,535","5,130","3,195",410
 ,      9+      ,"52,330",0,"16,720","18,745","9,890","4,100","1,565","1,220",90
Others ,,,,,,,,,,
,Total,"76,520",5,"38,045","20,245","10,925","4,570","1,175","1,490",65
,1-2,"11,675",0,"6,960","2,635","1,215",465,165,215,20
,3-5,"44,655",5,"22,780","11,310","6,270","2,620",760,885,25
,6-8,"17,485",0,"7,475","5,355","2,880","1,225",220,315,15
,      9+      ,"2,705",0,830,945,560,260,30,75,5
 TRIPURA,,,,,,,,,,
TOTAL,,,,,,,,,,
Total ,,,,,,,,,,
,Total,"5,24,155","1,372","3,54,878","1,16,574","34,768","10,734","3,027","1,425","1,377"
,1-2,"60,900",495,"52,401","6,293","1,063",206,47,64,331
,3-5,"2,49,538",645,"1,85,823","48,401","10,608","2,483",552,267,759
,6-8,"1,67,453",204,"99,312","47,197","14,720","4,306","1,092",380,242
 ,      9+      ,"46,264",28,"17,342","14,683","8,377","3,739","1,336",714,45
Owned ,,,,,,,,,,
,Total,"4,56,993",706,"2,96,989","1,10,396","33,374","10,516","2,946","1,296",770
,1-2,"40,969",160,"34,579","5,064",824,171,31,33,107
,3-5,"2,14,704",360,"1,55,980","44,980","9,846","2,373",509,211,445
,6-8,"1,56,773",164,"90,368","45,932","14,427","4,268","1,080",352,182
 ,      9+      ,"44,547",22,"16,062","14,420","8,277","3,704","1,326",700,36
Rented ,,,,,,,,,,
,Total,"41,764",483,"34,913","4,746","1,046",172,70,68,266
,1-2,"14,691",275,"13,006","1,048",190,29,15,19,109
,3-5,"21,555",184,"17,786","2,666",610,100,39,31,139
,6-8,"4,847",23,"3,706",860,190,25,12,14,17
 ,      9+      ,671,1,415,172,56,18,4,4,1
Others ,,,,,,,,,,
,Total,"25,398",183,"22,976","1,432",348,46,11,61,341
,1-2,"5,240",60,"4,816",181,49,6,1,12,115
,3-5,"13,279",101,"12,057",755,152,10,4,25,175
,6-8,"5,833",17,"5,238",405,103,13,0,14,43
 ANDHRA PRADESH                                              ,      9+      ,"1,046",5,865,91,44,17,6,10,8
RURAL,,,,,,,,,,
Total ,,,,,,,,,,
,Total,"4,39,101","1,040","3,01,076","96,214","27,756","8,448","2,324",998,"1,245"
,1-2,"48,259",339,"41,797","4,892",738,133,27,37,296
,3-5,"2,05,770",499,"1,55,807","38,524","7,936","1,804",358,168,674
,6-8,"1,45,569",175,"88,049","40,228","12,216","3,508",879,284,230
 ,      9+      ,"39,503",27,"15,423","12,570","6,866","3,003","1,060",509,45
Owned ,,,,,,,,,,
,Total,"3,97,582",615,"2,64,245","93,216","27,172","8,375","2,293",920,746
,1-2,"36,373",135,"31,023","4,303",650,119,23,19,101
,3-5,"1,85,139",312,"1,37,449","37,022","7,662","1,786",340,138,430
,6-8,"1,37,845",147,"81,347","39,490","12,052","3,493",876,261,179
 ,      9+      ,"38,225",21,"14,426","12,401","6,808","2,977","1,054",502,36
Rented ,,,,,,,,,,
,Total,"18,076",243,"15,455","1,826",295,38,20,30,169
,1-2,"7,059",145,"6,317",450,44,10,3,7,83
,3-5,"8,392",86,"7,156",887,150,12,14,12,75
,6-8,"2,287",11,"1,776",395,77,6,3,9,10
 ,      9+      ,338,1,206,94,24,10,0,2,1
Others ,,,,,,,,,,
,Total,"23,443",182,"21,376","1,172",289,35,11,48,330
,1-2,"4,827",59,"4,457",139,44,4,1,11,112
,3-5,"12,239",101,"11,202",615,124,6,4,18,169
,6-8,"5,437",17,"4,926",343,87,9,0,14,41
 ANDHRA PRADESH                                              ,      9+      ,940,5,791,75,34,16,6,5,8
URBAN,,,,,,,,,,
Total ,,,,,,,,,,
,Total,"85,054",332,"53,802","20,360","7,012","2,286",703,427,132
,1-2,"12,641",156,"10,604","1,401",325,73,20,27,35
,3-5,"43,768",146,"30,016","9,877","2,672",679,194,99,85
,6-8,"21,884",29,"11,263","6,969","2,504",798,213,96,12
 ,      9+      ,"6,761",1,"1,919","2,113","1,511",736,276,205,0
Owned ,,,,,,,,,,
,Total,"59,411",91,"32,744","17,180","6,202","2,141",653,376,24
,1-2,"4,596",25,"3,556",761,174,52,8,14,6
,3-5,"29,565",48,"18,531","7,958","2,184",587,169,73,15
,6-8,"18,928",17,"9,021","6,442","2,375",775,204,91,3
 ,      9+      ,"6,322",1,"1,636","2,019","1,469",727,272,198,0
Rented ,,,,,,,,,,
,Total,"23,688",240,"19,458","2,920",751,134,50,38,97
,1-2,"7,632",130,"6,689",598,146,19,12,12,26
,3-5,"13,163",98,"10,630","1,779",460,88,25,19,64
,6-8,"2,560",12,"1,930",465,113,19,9,5,7
 ,      9+      ,333,0,209,78,32,8,4,2,0
Others ,,,,,,,,,,
,Total,"1,955",1,"1,600",260,59,11,0,13,11
,1-2,413,1,359,42,5,2,0,1,3
,3-5,"1,040",0,855,140,28,4,0,7,6
,6-8,396,0,312,62,16,4,0,0,2
,      9+      ,106,0,74,16,10,1,0,5,0
 UTTAR PRADESH,,,,,,,,,,
TOTAL,,,,,,,,,,
Total ,,,,,,,,,,
,Total,"2,24,09,020","12,745","60,07,845","73,12,215","40,80,535","22,66,660","12,10,835","14,28,850","89,335"
,1-2,"24,88,735","1,640","11,53,715","7,96,475","2,83,340","1,19,585","49,520","61,280","23,180"
,3-5,"77,34,660","4,660","25,18,000","28,06,870","12,80,075","5,91,770","2,47,745","2,44,555","40,985"
,6-8,"75,64,165","3,840","17,68,260","25,78,150","15,36,970","8,37,000","4,13,330","4,11,745","14,870"
 ,      9+      ,"46,21,460","2,605","5,67,870","11,30,720","9,80,150","7,18,305","5,00,240","7,11,270","10,300"
Owned ,,,,,,,,,,
,Total,"2,10,04,120","8,780","53,86,770","68,44,445","39,37,535","22,16,705","11,92,135","13,45,545","72,205"
,1-2,"21,96,975","1,140","9,79,325","7,20,875","2,64,540","1,13,375","47,165","50,825","19,730"
,3-5,"71,16,275","3,115","22,52,100","25,92,625","12,12,610","5,69,435","2,40,090","2,15,940","30,360"
,6-8,"71,94,085","2,585","16,24,165","24,41,985","14,96,200","8,23,010","4,08,140","3,84,950","13,050"
 ,      9+      ,"44,96,785","1,940","5,31,180","10,88,960","9,64,185","7,10,885","4,96,740","6,93,830","9,065"
Rented ,,,,,,,,,,
,Total,"11,68,735","3,010","5,34,205","4,10,275","1,19,090","41,110","15,140","30,360","15,545"
,1-2,"2,35,275",400,"1,44,340","62,900","14,560","4,530","1,780","3,790","2,975"
,3-5,"5,27,760","1,230","2,32,030","1,89,940","57,960","18,795","6,395","11,275","10,135"
,6-8,"3,07,000",930,"1,25,765","1,20,220","33,900","11,745","4,155","8,850","1,435"
 ,      9+      ,"98,700",450,"32,070","37,215","12,670","6,040","2,810","6,445","1,000"
Others ,,,,,,,,,,
,Total,"2,36,165",955,"86,870","57,495","23,910","8,845","3,560","52,945","1,585"
,1-2,"56,485",100,"30,050","12,700","4,240","1,680",575,"6,665",475
,3-5,"90,625",315,"33,870","24,305","9,505","3,540","1,260","17,340",490
,6-8,"63,080",325,"18,330","15,945","6,870","2,245","1,035","17,945",385
 ANDHRA PRADESH                                              ,      9+      ,"25,975",215,"4,620","4,545","3,295","1,380",690,"10,995",235
RURAL,,,,,,,,,,
Total ,,,,,,,,,,
,Total,"1,80,92,360","8,440","45,63,810","58,85,010","34,16,510","19,02,910","10,47,620","11,98,520","69,540"
,1-2,"20,00,665","1,030","8,90,725","6,57,425","2,39,990","1,01,735","41,605","48,780","19,375"
,3-5,"61,83,685","2,920","19,29,690","22,65,325","10,60,690","4,91,090","2,08,340","1,96,130","29,500"
,6-8,"61,49,365","2,560","13,34,035","20,81,200","13,03,740","7,10,245","3,60,095","3,45,145","12,345"
 ,      9+      ,"37,58,645","1,930","4,09,360","8,81,060","8,12,090","5,99,840","4,37,580","6,08,465","8,320"
Owned ,,,,,,,,,,
,Total,"1,77,57,870","7,350","44,44,405","57,81,630","33,79,110","18,89,110","10,41,535","11,46,910","67,820"
,1-2,"19,06,180",905,"8,42,615","6,29,605","2,32,370","98,920","40,630","42,275","18,860"
,3-5,"60,53,935","2,560","18,84,645","22,21,840","10,44,895","4,85,550","2,06,200","1,79,230","29,015"
,6-8,"60,68,860","2,200","13,12,985","20,55,700","12,93,510","7,06,590","3,58,300","3,27,695","11,880"
 ,      9+      ,"37,28,895","1,685","4,04,160","8,74,485","8,08,335","5,98,050","4,36,405","5,97,710","8,065"
Rented ,,,,,,,,,,
,Total,"2,06,505",725,"81,545","75,970","23,625","8,715","3,765","11,520",640
,1-2,"62,620",95,"33,235","20,300","4,915","1,720",580,"1,555",220
,3-5,"84,895",275,"31,460","32,960","10,855","3,740","1,400","4,045",160
,6-8,"45,490",215,"13,635","18,285","6,135","2,325","1,125","3,585",185
 ,      9+      ,"13,500",140,"3,215","4,425","1,720",930,660,"2,335",75
Others ,,,,,,,,,,
,Total,"1,27,985",365,"37,860","27,410","13,775","5,085","2,320","40,090","1,080"
,1-2,"31,865",30,"14,875","7,520","2,705","1,095",395,"4,950",295
,3-5,"44,855",85,"13,585","10,525","4,940","1,800",740,"12,855",325
,6-8,"35,015",145,"7,415","7,215","4,095","1,330",670,"13,865",280
 ANDHRA PRADESH                                              ,      9+      ,"16,250",105,"1,985","2,150","2,035",860,515,"8,420",180
URBAN,,,,,,,,,,
Total ,,,,,,,,,,
,Total,"43,16,660","4,305","14,44,035","14,27,205","6,64,025","3,63,750","1,63,215","2,30,330","19,795"
,1-2,"4,88,070",610,"2,62,990","1,39,050","43,350","17,850","7,915","12,500","3,805"
,3-5,"15,50,975","1,740","5,88,310","5,41,545","2,19,385","1,00,680","39,405","48,425","11,485"
,6-8,"14,14,800","1,280","4,34,225","4,96,950","2,33,230","1,26,755","53,235","66,600","2,525"
 ,      9+      ,"8,62,815",675,"1,58,510","2,49,660","1,68,060","1,18,465","62,660","1,02,805","1,980"
Owned ,,,,,,,,,,
,Total,"32,46,250","1,430","9,42,365","10,62,815","5,58,425","3,27,595","1,50,600","1,98,635","4,385"
,1-2,"2,90,795",235,"1,36,710","91,270","32,170","14,455","6,535","8,550",870
,3-5,"10,62,340",555,"3,67,455","3,70,785","1,67,715","83,885","33,890","36,710","1,345"
,6-8,"11,25,225",385,"3,11,180","3,86,285","2,02,690","1,16,420","49,840","57,255","1,170"
 ,      9+      ,"7,67,890",255,"1,27,020","2,14,475","1,55,850","1,12,835","60,335","96,120","1,000"
Rented ,,,,,,,,,,
,Total,"9,62,230","2,285","4,52,660","3,34,305","95,465","32,395","11,375","18,840","14,905"
,1-2,"1,72,655",305,"1,11,105","42,600","9,645","2,810","1,200","2,235","2,755"
,3-5,"4,42,865",955,"2,00,570","1,56,980","47,105","15,055","4,995","7,230","9,975"
,6-8,"2,61,510",715,"1,12,130","1,01,935","27,765","9,420","3,030","5,265","1,250"
 ,      9+      ,"85,200",310,"28,855","32,790","10,950","5,110","2,150","4,110",925
Others ,,,,,,,,,,
,Total,"1,08,180",590,"49,010","30,085","10,135","3,760","1,240","12,855",505
,1-2,"24,620",70,"15,175","5,180","1,535",585,180,"1,715",180
,3-5,"45,770",230,"20,285","13,780","4,565","1,740",520,"4,485",165
,6-8,"28,065",180,"10,915","8,730","2,775",915,365,"4,080",105
,      9+      ,"9,725",110,"2,635","2,395","1,260",520,175,"2,575",55
WEST BENGAL,,,,,,,,,,
TOTAL,,,,,,,,,,
Total ,,,,,,,,,,
,Total,"1,25,04,700","7,460","71,47,205","33,23,215","10,23,570","5,88,205","1,53,350","2,52,245","9,450"
,1-2,"13,89,390","1,010","10,78,585","2,23,735","47,410","19,220","3,955","13,720","1,755"
,3-5,"59,06,825","3,730","37,33,295","15,01,910","3,78,160","1,78,080","37,555","68,900","5,195"
,6-8,"37,05,300","1,875","18,84,375","11,52,875","3,51,435","2,00,160","46,330","66,285","1,965"
 ,      9+      ,"15,03,185",845,"4,50,950","4,44,695","2,46,565","1,90,745","65,510","1,03,340",535
Owned ,,,,,,,,,,
,Total,"1,04,84,410","3,945","58,77,835","28,28,065","8,77,295","5,40,825","1,41,165","2,09,700","5,580"
,1-2,"9,87,245",570,"7,63,625","1,62,590","32,490","15,110","3,085","8,765","1,010"
,3-5,"48,93,030","2,020","31,07,630","12,37,960","3,02,790","1,57,170","32,295","49,955","3,210"
,6-8,"32,51,920",960,"16,26,260","10,25,750","3,13,220","1,86,840","43,130","54,690","1,070"
 ,      9+      ,"13,52,215",395,"3,80,320","4,01,765","2,28,795","1,81,705","62,655","96,290",290
Rented ,,,,,,,,,,
,Total,"17,22,305","2,360","10,90,195","4,34,125","1,23,275","39,745","10,370","19,445","2,790"
,1-2,"3,40,400",330,"2,68,470","52,250","12,460","3,365",730,"2,180",615
,3-5,"8,70,050","1,130","5,36,890","2,35,210","64,780","17,835","4,425","8,225","1,555"
,6-8,"3,82,075",630,"2,21,885","1,09,160","31,180","10,925","2,770","5,045",480
 ,      9+      ,"1,29,780",270,"62,950","37,505","14,855","7,620","2,445","3,995",140
Others ,,,,,,,,,,
,Total,"2,97,985","1,155","1,79,175","61,025","23,000","7,635","1,815","23,100","1,080"
,1-2,"61,745",110,"46,490","8,895","2,460",745,140,"2,775",130
,3-5,"1,43,745",580,"88,775","28,740","10,590","3,075",835,"10,720",430
,6-8,"71,305",285,"36,230","17,965","7,035","2,395",430,"6,550",415
 ANDHRA PRADESH                                              ,      9+      ,"21,190",180,"7,680","5,425","2,915","1,420",410,"3,055",105
RURAL,,,,,,,,,,
Total ,,,,,,,,,,
,Total,"88,95,470","2,260","52,86,050","23,35,850","6,32,855","3,98,135","88,410","1,45,695","6,215"
,1-2,"8,84,340",235,"7,06,155","1,35,020","22,545","10,645","1,730","6,975","1,035"
,3-5,"41,49,485","1,145","27,88,300","9,95,790","1,98,675","1,07,900","17,675","36,610","3,390"
,6-8,"27,75,740",605,"14,57,570","8,70,280","2,36,500","1,42,195","27,960","39,165","1,465"
 ,      9+      ,"10,85,905",275,"3,34,025","3,34,760","1,75,135","1,37,395","41,045","62,945",325
Owned ,,,,,,,,,,
,Total,"84,66,920","1,480","50,63,130","22,11,455","5,91,020","3,84,815","84,605","1,25,815","4,600"
,1-2,"8,00,350",140,"6,46,585","1,19,005","18,060","9,385","1,410","4,895",870
,3-5,"39,33,355",750,"26,71,930","9,33,600","1,78,425","1,02,225","16,115","27,615","2,695"
,6-8,"26,73,000",405,"14,17,660","8,33,385","2,23,390","1,37,660","26,730","32,925",845
 ,      9+      ,"10,60,215",185,"3,26,955","3,25,465","1,71,145","1,35,545","40,350","60,380",190
Rented ,,,,,,,,,,
,Total,"2,76,485",380,"1,36,360","92,550","27,335","9,205","2,855","7,015",785
,1-2,"54,425",55,"37,555","11,695","3,075",930,270,745,100
,3-5,"1,40,220",180,"70,690","47,010","13,650","3,995","1,145","3,200",350
,6-8,"65,510",110,"23,650","26,995","8,300","3,060",965,"2,145",285
 ,      9+      ,"16,330",35,"4,465","6,850","2,310","1,220",475,925,50
Others ,,,,,,,,,,
,Total,"1,52,065",400,"86,560","31,845","14,500","4,115",950,"12,865",830
,1-2,"29,565",40,"22,015","4,320","1,410",330,50,"1,335",65
,3-5,"75,910",215,"45,680","15,180","6,600","1,680",415,"5,795",345
,6-8,"37,230",90,"16,260","9,900","4,810","1,475",265,"4,095",335
 ANDHRA PRADESH                                              ,      9+      ,"9,360",55,"2,605","2,445","1,680",630,220,"1,640",85
URBAN,,,,,,,,,,
Total ,,,,,,,,,,
,Total,"36,09,230","5,200","18,61,155","9,87,365","3,90,715","1,90,070","64,940","1,06,550","3,235"
,1-2,"5,05,050",775,"3,72,430","88,715","24,865","8,575","2,225","6,745",720
,3-5,"17,57,340","2,585","9,44,995","5,06,120","1,79,485","70,180","19,880","32,290","1,805"
,6-8,"9,29,560","1,270","4,26,805","2,82,595","1,14,935","57,965","18,370","27,120",500
 ,      9+      ,"4,17,280",570,"1,16,925","1,09,935","71,430","53,350","24,465","40,395",210
Owned ,,,,,,,,,,
,Total,"20,17,490","2,465","8,14,705","6,16,610","2,86,275","1,56,010","56,560","83,885",980
,1-2,"1,86,895",430,"1,17,040","43,585","14,430","5,725","1,675","3,870",140
,3-5,"9,59,675","1,270","4,35,700","3,04,360","1,24,365","54,945","16,180","22,340",515
,6-8,"5,78,920",555,"2,08,600","1,92,365","89,830","49,180","16,400","21,765",225
 ,      9+      ,"2,92,000",210,"53,365","76,300","57,650","46,160","22,305","35,910",100
Rented ,,,,,,,,,,
,Total,"14,45,820","1,980","9,53,835","3,41,575","95,940","30,540","7,515","12,430","2,005"
,1-2,"2,85,975",275,"2,30,915","40,555","9,385","2,435",460,"1,435",515
,3-5,"7,29,830",950,"4,66,200","1,88,200","51,130","13,840","3,280","5,025","1,205"
,6-8,"3,16,565",520,"1,98,235","82,165","22,880","7,865","1,805","2,900",195
 ,      9+      ,"1,13,450",235,"58,485","30,655","12,545","6,400","1,970","3,070",90
Others ,,,,,,,,,,
,Total,"1,45,920",755,"92,615","29,180","8,500","3,520",865,"10,235",250
,1-2,"32,180",70,"24,475","4,575","1,050",415,90,"1,440",65
,3-5,"67,835",365,"43,095","13,560","3,990","1,395",420,"4,925",85
,6-8,"34,075",195,"19,970","8,065","2,225",920,165,"2,455",80
,      9+      ,"11,830",125,"5,075","2,980","1,235",790,190,"1,415",20
ANDAMAN & NICOBAR ISLANDS,,,,,,,,,,
TOTAL,,,,,,,,,,
Total ,,,,,,,,,,
,Total,"57,047",16,"19,696","23,764","8,626","2,617",753,"1,086",489
,1-2,"10,564",7,"4,489","4,371","1,080",250,56,90,221
,3-5,"27,766",6,"9,525","12,190","4,163","1,083",261,362,176
,6-8,"14,378",3,"4,392","5,917","2,561",855,263,322,65
 ,      9+      ,"4,339",0,"1,290","1,286",822,429,173,312,27
Owned ,,,,,,,,,,
,Total,"29,618",2,"10,879","10,861","4,500","1,744",567,756,309
,1-2,"3,606",0,"1,730","1,319",284,84,21,23,145
,3-5,"13,032",1,"5,043","5,076","1,836",616,172,200,88
,6-8,"9,389",1,"3,022","3,472","1,693",669,219,259,54
 ,      9+      ,"3,591",0,"1,084",994,687,375,155,274,22
Rented ,,,,,,,,,,
,Total,"22,525",12,"7,365","10,573","3,391",653,152,215,164
,1-2,"5,788",7,"2,311","2,541",666,121,27,46,69
,3-5,"12,214",4,"3,806","5,874","1,906",365,74,102,83
,6-8,"3,926",1,"1,080","1,920",710,126,37,42,10
 ,      9+      ,597,0,168,238,109,41,14,25,2
Others ,,,,,,,,,,
,Total,"4,904",2,"1,452","2,330",735,220,34,115,16
,1-2,"1,170",0,448,511,130,45,8,21,7
,3-5,"2,520",1,676,"1,240",421,102,15,60,5
,6-8,"1,063",1,290,525,158,60,7,21,1
 ANDHRA PRADESH                                              ,      9+      ,151,0,38,54,26,13,4,13,3
RURAL,,,,,,,,,,
Total ,,,,,,,,,,
,Total,"41,756",14,"14,062","17,641","6,554","1,835",579,718,353
,1-2,"8,063",7,"3,315","3,407",870,178,45,60,181
,3-5,"19,421",5,"6,530","8,733","2,956",698,189,213,97
,6-8,"10,821",2,"3,143","4,476","2,067",634,213,234,52
 ,      9+      ,"3,451",0,"1,074","1,025",661,325,132,211,23
Owned ,,,,,,,,,,
,Total,"24,413",2,"9,125","9,027","3,661","1,325",455,532,286
,1-2,"3,060",0,"1,477","1,124",228,60,18,15,138
,3-5,"10,551",1,"4,162","4,168","1,442",437,133,129,79
,6-8,"7,740",1,"2,491","2,874","1,417",529,182,196,50
 ,      9+      ,"3,062",0,995,861,574,299,122,192,19
Rented ,,,,,,,,,,
,Total,"14,009",12,"4,035","6,946","2,367",379,102,117,51
,1-2,"4,086",7,"1,515","1,857",537,86,21,27,36
,3-5,"7,256",4,"1,978","3,724","1,232",206,46,53,13
,6-8,"2,372",1,484,"1,237",527,70,27,25,1
 ,      9+      ,295,0,58,128,71,17,8,12,1
Others ,,,,,,,,,,
,Total,"3,334",0,902,"1,668",526,131,22,69,16
,1-2,917,0,323,426,105,32,6,18,7
,3-5,"1,614",0,390,841,282,55,10,31,5
,6-8,709,0,168,365,123,35,4,13,1
 ANDHRA PRADESH                                              ,      9+      ,94,0,21,36,16,9,2,7,3
URBAN,,,,,,,,,,
Total ,,,,,,,,,,
,Total,"15,291",2,"5,634","6,123","2,072",782,174,368,136
,1-2,"2,501",0,"1,174",964,210,72,11,30,40
,3-5,"8,345",1,"2,995","3,457","1,207",385,72,149,79
,6-8,"3,557",1,"1,249","1,441",494,221,50,88,13
 ,      9+      ,888,0,216,261,161,104,41,101,4
Owned ,,,,,,,,,,
,Total,"5,205",0,"1,754","1,834",839,419,112,224,23
,1-2,546,0,253,195,56,24,3,8,7
,3-5,"2,481",0,881,908,394,179,39,71,9
,6-8,"1,649",0,531,598,276,140,37,63,4
 ,      9+      ,529,0,89,133,113,76,33,82,3
Rented ,,,,,,,,,,
,Total,"8,516",0,"3,330","3,627","1,024",274,50,98,113
,1-2,"1,702",0,796,684,129,35,6,19,33
,3-5,"4,958",0,"1,828","2,150",674,159,28,49,70
,6-8,"1,554",0,596,683,183,56,10,17,9
 ,      9+      ,302,0,110,110,38,24,6,13,1
Others ,,,,,,,,,,
,Total,"1,570",2,550,662,209,89,12,46,0
,1-2,253,0,125,85,25,13,2,3,0
,3-5,906,1,286,399,139,47,5,29,0
,6-8,354,1,122,160,35,25,3,8,0
,      9+      ,57,0,17,18,10,4,2,6,0
 CHANDIGARH,,,,,,,,,,
TOTAL,,,,,,,,,,
Total ,,,,,,,,,,
,Total,"1,45,414",280,"62,212","41,082","22,286","11,031","3,808","3,857",858
,1-2,"28,571",169,"19,476","5,017","1,858","1,066",345,362,278
,3-5,"81,264",89,"32,256","24,428","14,102","6,478","1,950","1,469",492
,6-8,"29,652",17,"9,495","10,010","5,204","2,665","1,037","1,159",65
 ,      9+      ,"5,927",5,985,"1,627","1,122",822,476,867,23
Owned ,,,,,,,,,,
,Total,"62,904",52,"26,194","15,992","8,460","6,594","2,516","2,972",124
,1-2,"10,063",12,"6,493","1,642",711,702,238,229,36
,3-5,"32,450",30,"13,752","8,452","4,735","3,350","1,069","1,001",61
,6-8,"16,287",8,"5,296","5,005","2,322","1,879",797,956,24
 ,      9+      ,"4,104",2,653,893,692,663,412,786,3
Rented ,,,,,,,,,,
,Total,"75,686",204,"30,586","24,412","13,588","4,322","1,257",617,700
,1-2,"16,173",136,"10,964","3,240","1,099",339,98,74,223
,3-5,"45,522",57,"15,936","15,608","9,240","3,058",868,335,420
,6-8,"12,315",8,"3,431","4,859","2,834",769,229,147,38
 ,      9+      ,"1,676",3,255,705,415,156,62,61,19
Others ,,,,,,,,,,
,Total,"6,824",24,"5,432",678,238,115,35,268,34
,1-2,"2,335",21,"2,019",135,48,25,9,59,19
,3-5,"3,292",2,"2,568",368,127,70,13,133,11
,6-8,"1,050",1,768,146,48,17,11,56,3
 ANDHRA PRADESH                                              ,      9+      ,147,0,77,29,15,3,2,20,1
RURAL,,,,,,,,,,
Total ,,,,,,,,,,
,Total,"16,859",7,"13,716","1,570",742,405,153,197,69
,1-2,"5,476",6,"5,235",153,36,14,1,13,18
,3-5,"7,993",1,"6,839",691,253,91,36,44,38
,6-8,"2,702",0,"1,527",570,313,173,55,53,11
 ,      9+      ,688,0,115,156,140,127,61,87,2
Owned ,,,,,,,,,,
,Total,"6,834",2,"4,138","1,251",692,379,144,165,63
,1-2,"1,553",2,"1,375",106,30,12,1,9,18
,3-5,"3,044",0,"2,105",515,241,85,33,33,32
,6-8,"1,632",0,598,481,285,160,51,46,11
 ,      9+      ,605,0,60,149,136,122,59,77,2
Rented ,,,,,,,,,,
,Total,"9,873",3,"9,460",296,47,26,9,26,6
,1-2,"3,861",3,"3,806",41,5,2,0,4,0
,3-5,"4,885",0,"4,686",166,12,6,3,6,6
,6-8,"1,047",0,915,83,26,13,4,6,0
 ,      9+      ,80,0,53,6,4,5,2,10,0
Others ,,,,,,,,,,
,Total,152,2,118,23,3,0,0,6,0
,1-2,62,1,54,6,1,0,0,0,0
,3-5,64,1,48,10,0,0,0,5,0
,6-8,23,0,14,6,2,0,0,1,0
 ANDHRA PRADESH                                              ,      9+      ,3,0,2,1,0,0,0,0,0
URBAN,,,,,,,,,,
Total ,,,,,,,,,,
,Total,"1,28,555",273,"48,496","39,512","21,544","10,626","3,655","3,660",789
,1-2,"23,095",163,"14,241","4,864","1,822","1,052",344,349,260
,3-5,"73,271",88,"25,417","23,737","13,849","6,387","1,914","1,425",454
,6-8,"26,950",17,"7,968","9,440","4,891","2,492",982,"1,106",54
 ,      9+      ,"5,239",5,870,"1,471",982,695,415,780,21
Owned ,,,,,,,,,,
,Total,"56,070",50,"22,056","14,741","7,768","6,215","2,372","2,807",61
,1-2,"8,510",10,"5,118","1,536",681,690,237,220,18
,3-5,"29,406",30,"11,647","7,937","4,494","3,265","1,036",968,29
,6-8,"14,655",8,"4,698","4,524","2,037","1,719",746,910,13
 ,      9+      ,"3,499",2,593,744,556,541,353,709,1
Rented ,,,,,,,,,,
,Total,"65,813",201,"21,126","24,116","13,541","4,296","1,248",591,694
,1-2,"12,312",133,"7,158","3,199","1,094",337,98,70,223
,3-5,"40,637",57,"11,250","15,442","9,228","3,052",865,329,414
,6-8,"11,268",8,"2,516","4,776","2,808",756,225,141,38
 ,      9+      ,"1,596",3,202,699,411,151,60,51,19
Others ,,,,,,,,,,
,Total,"6,672",22,"5,314",655,235,115,35,262,34
,1-2,"2,273",20,"1,965",129,47,25,9,59,19
,3-5,"3,228",1,"2,520",358,127,70,13,128,11
,6-8,"1,027",1,754,140,46,17,11,55,3
,      9+      ,144,0,75,28,15,3,2,20,1
 DADRA & NAGAR HAVELI,,,,,,,,,,
TOTAL,,,,,,,,,,
Total ,,,,,,,,,,
,Total,"25,905",2,"11,904","9,274","3,525",795,172,148,85
,1-2,"3,038",1,"1,800",768,367,68,11,7,16
,3-5,"12,621",0,"6,115","4,386","1,575",366,70,56,53
,6-8,"8,056",0,"3,337","3,230","1,140",234,58,43,14
 ,      9+      ,"2,190",1,652,890,443,127,33,42,2
Owned ,,,,,,,,,,
,Total,"21,975",2,"10,099","8,388","2,519",600,157,126,84
,1-2,"1,914",1,"1,176",534,146,26,9,6,16
,3-5,"10,396",0,"5,146","3,892",959,243,61,43,52
,6-8,"7,550",0,"3,157","3,098",980,209,54,38,14
 ,      9+      ,"2,115",1,620,864,434,122,33,39,2
Rented ,,,,,,,,,,
,Total,"3,631",0,"1,577",837,991,192,13,20,1
,1-2,"1,024",0,542,224,215,41,1,1,0
,3-5,"2,078",0,854,469,611,122,8,13,1
,6-8,460,0,151,119,157,25,4,4,0
 ,      9+      ,69,0,30,25,8,4,0,2,0
Others ,,,,,,,,,,
,Total,299,0,228,49,15,3,2,2,0
,1-2,100,0,82,10,6,1,1,0,0
,3-5,147,0,115,25,5,1,1,0,0
,6-8,46,0,29,13,3,0,0,1,0
 ANDHRA PRADESH                                              ,      9+      ,6,0,2,1,1,1,0,1,0
RURAL,,,,,,,,,,
Total ,,,,,,,,,,
,Total,"23,613",2,"11,307","8,615","2,862",526,123,94,84
,1-2,"2,624",1,"1,654",666,244,30,8,5,16
,3-5,"11,389",0,"5,820","4,050","1,183",207,48,29,52
,6-8,"7,567",0,"3,214","3,071","1,018",180,41,29,14
 ,      9+      ,"2,033",1,619,828,417,109,26,31,2
Owned ,,,,,,,,,,
,Total,"20,809",2,"9,868","7,997","2,180",476,119,83,84
,1-2,"1,762",1,"1,143",493,78,19,7,5,16
,3-5,"9,854",0,"5,050","3,720",791,173,45,23,52
,6-8,"7,219",0,"3,083","2,975",901,178,41,27,14
 ,      9+      ,"1,974",1,592,809,410,106,26,28,2
Rented ,,,,,,,,,,
,Total,"2,519",0,"1,212",574,671,49,3,10,0
,1-2,767,0,429,164,163,11,0,0,0
,3-5,"1,396",0,656,309,388,34,3,6,0
,6-8,303,0,102,83,114,2,0,2,0
 ,      9+      ,53,0,25,18,6,2,0,2,0
Others ,,,,,,,,,,
,Total,285,0,227,44,11,1,1,1,0
,1-2,95,0,82,9,3,0,1,0,0
,3-5,139,0,114,21,4,0,0,0,0
,6-8,45,0,29,13,3,0,0,0,0
 ANDHRA PRADESH                                              ,      9+      ,6,0,2,1,1,1,0,1,0
URBAN,,,,,,,,,,
Total ,,,,,,,,,,
,Total,"2,292",0,597,659,663,269,49,54,1
,1-2,414,0,146,102,123,38,3,2,0
,3-5,"1,232",0,295,336,392,159,22,27,1
,6-8,489,0,123,159,122,54,17,14,0
 ,      9+      ,157,0,33,62,26,18,7,11,0
Owned ,,,,,,,,,,
,Total,"1,166",0,231,391,339,124,38,43,0
,1-2,152,0,33,41,68,7,2,1,0
,3-5,542,0,96,172,168,70,16,20,0
,6-8,331,0,74,123,79,31,13,11,0
 ,      9+      ,141,0,28,55,24,16,7,11,0
Rented ,,,,,,,,,,
,Total,"1,112",0,365,263,320,143,10,10,1
,1-2,257,0,113,60,52,30,1,1,0
,3-5,682,0,198,160,223,88,5,7,1
,6-8,157,0,49,36,43,23,4,2,0
 ,      9+      ,16,0,5,7,2,2,0,0,0
Others ,,,,,,,,,,
,Total,14,0,1,5,4,2,1,1,0
,1-2,5,0,0,1,3,1,0,0,0
,3-5,8,0,1,4,1,1,1,0,0
,6-8,1,0,0,0,0,0,0,1,0
,      9+      ,0,0,0,0,0,0,0,0,0
 DAMAN AND DIU,,,,,,,,,,
TOTAL,,,,,,,,,,
Total ,,,,,,,,,,
,Total,"18,586",1,"6,370","6,194","2,496","1,677",677,"1,147",24
,1-2,"2,873",0,"1,157",907,341,221,83,156,8
,3-5,"7,721",0,"2,900","2,510","1,061",606,246,387,11
,6-8,"6,019",1,"1,853","2,101",814,608,254,385,3
 ,      9+      ,"1,973",0,460,676,280,242,94,219,2
Owned ,,,,,,,,,,
,Total,"15,221",1,"4,984","5,049","2,068","1,453",602,"1,047",17
,1-2,"2,112",0,778,683,267,171,66,142,5
,3-5,"6,020",0,"2,225","1,917",822,501,208,339,8
,6-8,"5,286",1,"1,583","1,827",722,559,237,354,3
 ,      9+      ,"1,803",0,398,622,257,222,91,212,1
Rented ,,,,,,,,,,
,Total,"2,894",0,"1,235","1,013",359,174,44,63,6
,1-2,634,0,335,188,56,33,11,8,3
,3-5,"1,500",0,608,538,210,89,19,33,3
,6-8,634,0,239,246,80,39,12,18,0
 ,      9+      ,126,0,53,41,13,13,2,4,0
Others ,,,,,,,,,,
,Total,471,0,151,132,69,50,31,37,1
,1-2,127,0,44,36,18,17,6,6,0
,3-5,201,0,67,55,29,16,19,15,0
,6-8,99,0,31,28,12,10,5,13,0
 ANDHRA PRADESH                                              ,      9+      ,44,0,9,13,10,7,1,3,1
RURAL,,,,,,,,,,
Total ,,,,,,,,,,
,Total,"9,538",1,"4,488","3,242",938,481,150,226,12
,1-2,"1,261",0,728,380,98,27,8,15,5
,3-5,"3,794",0,"2,011","1,208",352,138,37,43,5
,6-8,"3,273",1,"1,382","1,197",335,207,68,83,0
 ,      9+      ,"1,210",0,367,457,153,109,37,85,2
Owned ,,,,,,,,,,
,Total,"8,453",1,"3,829","2,958",870,432,142,210,11
,1-2,980,0,550,308,84,15,7,11,5
,3-5,"3,299",0,"1,706","1,088",311,117,34,38,5
,6-8,"3,039",1,"1,246","1,124",327,199,65,77,0
 ,      9+      ,"1,135",0,327,438,148,101,36,84,1
Rented ,,,,,,,,,,
,Total,968,0,595,256,56,42,8,11,0
,1-2,246,0,161,62,9,10,1,3,0
,3-5,449,0,275,112,36,20,3,3,0
,6-8,213,0,124,67,8,6,3,5,0
 ,      9+      ,60,0,35,15,3,6,1,0,0
Others ,,,,,,,,,,
,Total,117,0,64,28,12,7,0,5,1
,1-2,35,0,17,10,5,2,0,1,0
,3-5,46,0,30,8,5,1,0,2,0
,6-8,21,0,12,6,0,2,0,1,0
 ANDHRA PRADESH                                              ,      9+      ,15,0,5,4,2,2,0,1,1
URBAN,,,,,,,,,,
Total ,,,,,,,,,,
,Total,"9,048",0,"1,882","2,952","1,558","1,196",527,921,12
,1-2,"1,612",0,429,527,243,194,75,141,3
,3-5,"3,927",0,889,"1,302",709,468,209,344,6
,6-8,"2,746",0,471,904,479,401,186,302,3
 ,      9+      ,763,0,93,219,127,133,57,134,0
Owned ,,,,,,,,,,
,Total,"6,768",0,"1,155","2,091","1,198","1,021",460,837,6
,1-2,"1,132",0,228,375,183,156,59,131,0
,3-5,"2,721",0,519,829,511,384,174,301,3
,6-8,"2,247",0,337,703,395,360,172,277,3
 ,      9+      ,668,0,71,184,109,121,55,128,0
Rented ,,,,,,,,,,
,Total,"1,926",0,640,757,303,132,36,52,6
,1-2,388,0,174,126,47,23,10,5,3
,3-5,"1,051",0,333,426,174,69,16,30,3
,6-8,421,0,115,179,72,33,9,13,0
 ,      9+      ,66,0,18,26,10,7,1,4,0
Others ,,,,,,,,,,
,Total,354,0,87,104,57,43,31,32,0
,1-2,92,0,27,26,13,15,6,5,0
,3-5,155,0,37,47,24,15,19,13,0
,6-8,78,0,19,22,12,8,5,12,0
,      9+      ,29,0,4,9,8,5,1,2,0
 DELHI,,,,,,,,,,
TOTAL,,,,,,,,,,
Total ,,,,,,,,,,
,Total,"18,60,748",123,"8,27,338","5,00,767","2,87,666","1,37,953","47,998","56,068","2,835"
,1-2,"2,50,092",30,"1,74,188","45,262","19,350","6,978","1,997","2,016",271
,3-5,"9,30,712",43,"4,35,695","2,55,812","1,47,515","58,738","16,488","14,069","2,352"
,6-8,"5,14,821",27,"1,87,147","1,57,917","88,592","46,598","16,740","17,650",150
 ,      9+      ,"1,65,123",23,"30,308","41,776","32,209","25,639","12,773","22,333",62
Owned ,,,,,,,,,,
,Total,"12,67,134",62,"4,86,775","3,46,077","2,23,328","1,16,936","42,477","51,156",323
,1-2,"1,39,337",18,"89,513","28,238","13,500","5,154","1,470","1,373",71
,3-5,"6,03,669",19,"2,56,648","1,68,021","1,07,425","46,155","13,368","11,881",152
,6-8,"3,89,062",14,"1,22,408","1,18,225","74,285","41,941","15,605","16,514",70
 ,      9+      ,"1,35,066",11,"18,206","31,593","28,118","23,686","12,034","21,388",30
Rented ,,,,,,,,,,
,Total,"5,32,342",41,"2,94,103","1,46,047","61,172","19,769","5,121","3,763","2,326"
,1-2,"94,965",9,"71,329","15,641","5,378","1,606",459,416,127
,3-5,"2,95,295",19,"1,55,053","83,178","38,318","11,953","2,931","1,702","2,141"
,6-8,"1,14,143",7,"56,568","37,627","13,614","4,383","1,050",854,40
 ,      9+      ,"27,939",6,"11,153","9,601","3,862","1,827",681,791,18
Others ,,,,,,,,,,
,Total,"61,272",20,"46,460","8,643","3,166","1,248",400,"1,149",186
,1-2,"15,790",3,"13,346","1,383",472,218,68,227,73
,3-5,"31,748",5,"23,994","4,613","1,772",630,189,486,59
,6-8,"11,616",6,"8,171","2,065",693,274,85,282,40
 ANDHRA PRADESH                                              ,      9+      ,"2,118",6,949,582,229,126,58,154,14
RURAL,,,,,,,,,,
Total ,,,,,,,,,,
,Total,"1,63,920",17,"69,169","42,417","23,790","14,083","6,525","7,899",20
,1-2,"19,770",3,"14,719","3,237","1,049",410,150,195,7
,3-5,"72,370",5,"36,322","18,944","9,162","4,414","1,828","1,690",5
,6-8,"52,717",3,"15,852","16,019","9,613","5,788","2,655","2,783",4
 ,      9+      ,"19,063",6,"2,276","4,217","3,966","3,471","1,892","3,231",4
Owned ,,,,,,,,,,
,Total,"1,36,424",9,"47,498","38,445","22,672","13,752","6,392","7,643",13
,1-2,"12,498",1,"8,245","2,652",914,379,140,165,2
,3-5,"58,093",2,"24,842","16,960","8,629","4,282","1,777","1,597",4
,6-8,"47,761",1,"12,525","14,885","9,307","5,687","2,625","2,727",4
 ,      9+      ,"18,072",5,"1,886","3,948","3,822","3,404","1,850","3,154",3
Rented ,,,,,,,,,,
,Total,"24,333",5,"19,654","3,249",925,263,100,131,6
,1-2,"6,322",2,"5,753",413,101,26,9,13,5
,3-5,"12,832",1,"10,548","1,642",456,103,39,42,1
,6-8,"4,348",2,"3,009",968,246,81,22,20,0
 ,      9+      ,831,0,344,226,122,53,30,56,0
Others ,,,,,,,,,,
,Total,"3,163",3,"2,017",723,193,68,33,125,1
,1-2,950,0,721,172,34,5,1,17,0
,3-5,"1,445",2,932,342,77,29,12,51,0
,6-8,608,0,318,166,60,20,8,36,0
 ANDHRA PRADESH                                              ,      9+      ,160,1,46,43,22,14,12,21,1
URBAN,,,,,,,,,,
Total ,,,,,,,,,,
,Total,"16,96,828",106,"7,58,169","4,58,350","2,63,876","1,23,870","41,473","48,169","2,815"
,1-2,"2,30,322",27,"1,59,469","42,025","18,301","6,568","1,847","1,821",264
,3-5,"8,58,342",38,"3,99,373","2,36,868","1,38,353","54,324","14,660","12,379","2,347"
,6-8,"4,62,104",24,"1,71,295","1,41,898","78,979","40,810","14,085","14,867",146
 ,      9+      ,"1,46,060",17,"28,032","37,559","28,243","22,168","10,881","19,102",58
Owned ,,,,,,,,,,
,Total,"11,30,710",53,"4,39,277","3,07,632","2,00,656","1,03,184","36,085","43,513",310
,1-2,"1,26,839",17,"81,268","25,586","12,586","4,775","1,330","1,208",69
,3-5,"5,45,576",17,"2,31,806","1,51,061","98,796","41,873","11,591","10,284",148
,6-8,"3,41,301",13,"1,09,883","1,03,340","64,978","36,254","12,980","13,787",66
 ,      9+      ,"1,16,994",6,"16,320","27,645","24,296","20,282","10,184","18,234",27
Rented ,,,,,,,,,,
,Total,"5,08,009",36,"2,74,449","1,42,798","60,247","19,506","5,021","3,632","2,320"
,1-2,"88,643",7,"65,576","15,228","5,277","1,580",450,403,122
,3-5,"2,82,463",18,"1,44,505","81,536","37,862","11,850","2,892","1,660","2,140"
,6-8,"1,09,795",5,"53,559","36,659","13,368","4,302","1,028",834,40
 ,      9+      ,"27,108",6,"10,809","9,375","3,740","1,774",651,735,18
Others ,,,,,,,,,,
,Total,"58,109",17,"44,443","7,920","2,973","1,180",367,"1,024",185
,1-2,"14,840",3,"12,625","1,211",438,213,67,210,73
,3-5,"30,303",3,"23,062","4,271","1,695",601,177,435,59
,6-8,"11,008",6,"7,853","1,899",633,254,77,246,40
,      9+      ,"1,958",5,903,539,207,112,46,133,13
 LAKSHADWEEP,,,,,,,,,,
TOTAL,,,,,,,,,,
Total ,,,,,,,,,,
,Total,"8,165",0,686,"1,944","2,177","1,582",790,636,350
,1-2,"1,094",0,229,436,248,126,35,18,2
,3-5,"2,791",0,314,788,722,383,155,84,345
,6-8,"2,195",0,104,474,684,534,226,172,1
 ,      9+      ,"2,085",0,39,246,523,539,374,362,2
Owned ,,,,,,,,,,
,Total,"6,412",0,405,"1,360","1,871","1,416",735,605,20
,1-2,554,0,109,213,125,70,21,14,2
,3-5,"1,751",0,175,474,581,299,129,77,16
,6-8,"2,050",0,83,429,648,512,214,163,1
 ,      9+      ,"2,057",0,38,244,517,535,371,351,1
Rented ,,,,,,,,,,
,Total,"1,694",0,273,571,295,163,45,17,330
,1-2,531,0,117,218,123,56,14,3,0
,3-5,"1,019",0,137,309,135,83,20,6,329
,6-8,130,0,18,43,34,21,10,4,0
 ,      9+      ,14,0,1,1,3,3,1,4,1
Others ,,,,,,,,,,
,Total,59,0,8,13,11,3,10,14,0
,1-2,9,0,3,5,0,0,0,1,0
,3-5,21,0,2,5,6,1,6,1,0
,6-8,15,0,3,2,2,1,2,5,0
 ANDHRA PRADESH                                              ,      9+      ,14,0,0,1,3,1,2,7,0
RURAL,,,,,,,,,,
Total ,,,,,,,,,,
,Total,"3,655",0,291,910,"1,089",780,306,259,20
,1-2,543,0,88,219,127,78,20,9,2
,3-5,"1,180",0,136,356,363,199,68,42,16
,6-8,"1,078",0,48,229,373,261,89,77,1
 ,      9+      ,854,0,19,106,226,242,129,131,1
Owned ,,,,,,,,,,
,Total,"3,202",0,236,732,964,714,286,250,20
,1-2,332,0,62,127,72,50,12,7,2
,3-5,989,0,113,280,311,169,62,38,16
,6-8,"1,036",0,42,220,358,254,84,77,1
 ,      9+      ,845,0,19,105,223,241,128,128,1
Rented ,,,,,,,,,,
,Total,437,0,49,174,122,64,19,9,0
,1-2,207,0,24,90,55,28,8,2,0
,3-5,186,0,21,76,51,29,5,4,0
,6-8,37,0,4,8,14,6,5,0,0
 ,      9+      ,7,0,0,0,2,1,1,3,0
Others ,,,,,,,,,,
,Total,16,0,6,4,3,2,1,0,0
,1-2,4,0,2,2,0,0,0,0,0
,3-5,5,0,2,0,1,1,1,0,0
,6-8,5,0,2,1,1,1,0,0,0
 ANDHRA PRADESH                                              ,      9+      ,2,0,0,1,1,0,0,0,0
URBAN,,,,,,,,,,
Total ,,,,,,,,,,
,Total,"4,510",0,395,"1,034","1,088",802,484,377,330
,1-2,551,0,141,217,121,48,15,9,0
,3-5,"1,611",0,178,432,359,184,87,42,329
,6-8,"1,117",0,56,245,311,273,137,95,0
 ,      9+      ,"1,231",0,20,140,297,297,245,231,1
Owned ,,,,,,,,,,
,Total,"3,210",0,169,628,907,702,449,355,0
,1-2,222,0,47,86,53,20,9,7,0
,3-5,762,0,62,194,270,130,67,39,0
,6-8,"1,014",0,41,209,290,258,130,86,0
 ,      9+      ,"1,212",0,19,139,294,294,243,223,0
Rented ,,,,,,,,,,
,Total,"1,257",0,224,397,173,99,26,8,330
,1-2,324,0,93,128,68,28,6,1,0
,3-5,833,0,116,233,84,54,15,2,329
,6-8,93,0,14,35,20,15,5,4,0
 ,      9+      ,7,0,1,1,1,2,0,1,1
Others ,,,,,,,,,,
,Total,43,0,2,9,8,1,9,14,0
,1-2,5,0,1,3,0,0,0,1,0
,3-5,16,0,0,5,5,0,5,1,0
,6-8,10,0,1,1,1,0,2,5,0
,      9+      ,12,0,0,0,2,1,2,7,0
 PONDICHERRY,,,,,,,,,,
TOTAL,,,,,,,,,,
Total ,,,,,,,,,,
,Total,"1,54,279",196,"86,223","36,367","11,590","4,911","1,628","2,105","11,259"
,1-2,"18,755",43,"12,305","3,200",762,283,81,105,"1,976"
,3-5,"82,771",106,"49,275","18,719","5,219","1,891",588,645,"6,328"
,6-8,"42,336",44,"21,108","11,652","4,031","1,694",566,670,"2,571"
 ,      9+      ,"10,417",3,"3,535","2,796","1,578","1,043",393,685,384
Owned ,,,,,,,,,,
,Total,"1,08,995",63,"57,337","27,371","8,722","4,017","1,393","1,879","8,213"
,1-2,"12,097",6,"7,672","2,236",486,185,61,78,"1,373"
,3-5,"55,965",37,"31,826","13,410","3,646","1,441",464,546,"4,595"
,6-8,"32,324",20,"15,188","9,371","3,225","1,446",500,603,"1,971"
 ,      9+      ,"8,609",0,"2,651","2,354","1,365",945,368,652,274
Rented ,,,,,,,,,,
,Total,"36,668",78,"22,899","7,740","2,480",798,216,159,"2,298"
,1-2,"5,313",35,"3,643",821,225,77,19,15,478
,3-5,"21,730",35,"13,832","4,599","1,380",401,119,71,"1,293"
,6-8,"8,099",7,"4,704","1,924",690,232,56,49,437
 ,      9+      ,"1,526",1,720,396,185,88,22,24,90
Others ,,,,,,,,,,
,Total,"8,616",55,"5,987","1,256",388,96,19,67,748
,1-2,"1,345",2,990,143,51,21,1,12,125
,3-5,"5,076",34,"3,617",710,193,49,5,28,440
,6-8,"1,913",17,"1,216",357,116,16,10,18,163
 ANDHRA PRADESH                                              ,      9+      ,282,2,164,46,28,10,3,9,20
RURAL,,,,,,,,,,
Total ,,,,,,,,,,
,Total,"61,228",1,"33,088","15,624","3,710","1,145",340,343,"6,977"
,1-2,"8,455",0,"5,344","1,540",221,70,14,23,"1,243"
,3-5,"33,688",0,"19,257","8,098","1,679",431,123,134,"3,966"
,6-8,"16,001",1,"7,441","4,977","1,351",417,131,112,"1,571"
 ,      9+      ,"3,084",0,"1,046","1,009",459,227,72,74,197
Owned ,,,,,,,,,,
,Total,"53,765",1,"28,228","14,256","3,337","1,077",329,314,"6,223"
,1-2,"7,117",0,"4,431","1,335",177,55,14,21,"1,084"
,3-5,"29,187",0,"16,254","7,307","1,470",395,118,120,"3,523"
,6-8,"14,579",1,"6,608","4,646","1,251",406,128,103,"1,436"
 ,      9+      ,"2,882",0,935,968,439,221,69,70,180
Rented ,,,,,,,,,,
,Total,"5,092",0,"3,272","1,097",169,31,9,10,504
,1-2,919,0,612,173,22,7,0,0,105
,3-5,"3,077",0,"2,022",637,99,14,4,4,297
,6-8,966,0,567,258,37,7,2,4,91
 ,      9+      ,130,0,71,29,11,3,3,2,11
Others ,,,,,,,,,,
,Total,"2,371",0,"1,588",271,204,37,2,19,250
,1-2,419,0,301,32,22,8,0,2,54
,3-5,"1,424",0,981,154,110,22,1,10,146
,6-8,456,0,266,73,63,4,1,5,44
 ANDHRA PRADESH                                              ,      9+      ,72,0,40,12,9,3,0,2,6
URBAN,,,,,,,,,,
Total ,,,,,,,,,,
,Total,"93,051",195,"53,135","20,743","7,880","3,766","1,288","1,762","4,282"
,1-2,"10,300",43,"6,961","1,660",541,213,67,82,733
,3-5,"49,083",106,"30,018","10,621","3,540","1,460",465,511,"2,362"
,6-8,"26,335",43,"13,667","6,675","2,680","1,277",435,558,"1,000"
 ,      9+      ,"7,333",3,"2,489","1,787","1,119",816,321,611,187
Owned ,,,,,,,,,,
,Total,"55,230",62,"29,109","13,115","5,385","2,940","1,064","1,565","1,990"
,1-2,"4,980",6,"3,241",901,309,130,47,57,289
,3-5,"26,778",37,"15,572","6,103","2,176","1,046",346,426,"1,072"
,6-8,"17,745",19,"8,580","4,725","1,974","1,040",372,500,535
 ,      9+      ,"5,727",0,"1,716","1,386",926,724,299,582,94
Rented ,,,,,,,,,,
,Total,"31,576",78,"19,627","6,643","2,311",767,207,149,"1,794"
,1-2,"4,394",35,"3,031",648,203,70,19,15,373
,3-5,"18,653",35,"11,810","3,962","1,281",387,115,67,996
,6-8,"7,133",7,"4,137","1,666",653,225,54,45,346
 ,      9+      ,"1,396",1,649,367,174,85,19,22,79
Others ,,,,,,,,,,
,Total,"6,245",55,"4,399",985,184,59,17,48,498
,1-2,926,2,689,111,29,13,1,10,71
,3-5,"3,652",34,"2,636",556,83,27,4,18,294
,6-8,"1,457",17,950,284,53,12,9,13,119
,      9+      ,210,2,124,34,19,7,3,7,14
